Date,Open,High,Low,Close,Volume
2014-12-01,169.13325413904496,169.24797581079363,168.2974301750437,168.6088104248047,103968400
2014-12-02,168.64981235337908,169.9035610054865,168.62523002715943,169.69869995117188,74507200
2014-12-03,169.87079420282367,170.56731430766314,169.70690785484538,170.35426330566406,68952000
2014-12-04,170.0675211858076,170.66572472680932,169.37919074535483,170.16586303710938,91316600
2014-12-05,170.3378652233559,170.8295367545753,170.07564957610492,170.44439697265625,91025500
2014-12-08,170.05102542337522,170.54268432993746,168.74809993723537,169.30532836914062,108588200
2014-12-09,167.4698055059784,169.29717505669166,167.09286817977173,169.19064331054688,125180100
2014-12-10,168.73169643277924,168.78905100383818,166.28974460834735,166.4782257080078,159856400
2014-12-11,167.06830093831533,168.96121519200952,166.92899691355507,167.32232666015625,159012800
2014-12-12,166.05211462141062,167.01906494412887,164.5853155135556,164.6180877685547,202330200
2014-12-15,165.51133282276095,165.96202962481365,162.88911393408057,163.4873046875,189965800
2014-12-16,162.72524993320448,165.85552064454603,162.13524903930377,162.1762237548828,259543800
2014-12-17,162.61058110640738,165.80640990108813,162.48765691970013,165.355712890625,253910100
2014-12-18,167.77299584682268,174.5170175424843,167.10104565775663,169.4446563720703,257633900
2014-12-19,170.09151334131593,170.83309123538643,169.41586689319604,170.16567993164062,245084600
2014-12-22,170.35515287325197,170.9484100341797,170.11620800944846,170.9484100341797,148318900
2014-12-23,171.52518751296392,171.57462351516708,170.89072948163678,171.1791229248047,122167900
2014-12-24,171.4016246915783,171.66528760272422,171.1544320686209,171.1956329345703,42963400
2014-12-26,171.64054568327762,172.08549485715466,171.5911096801218,171.74766540527344,57326700
2014-12-29,171.56636438724016,172.1843394738604,171.5004455359391,171.9783477783203,79643900
2014-12-30,171.55820824001478,171.69003343058083,170.9814211687312,171.0555877685547,73540800
2014-12-31,171.37689873891466,171.54168962233103,169.23457953628642,169.35816955566406,130333800
2015-01-02,170.05026505754233,170.46224844022055,168.23752811557006,169.26748657226562,121465900
2015-01-05,168.22930272544193,168.39409357351823,165.90572285027358,166.21058654785156,169632600
2015-01-06,166.51547647443184,167.03457967173875,163.8540667692118,164.64508056640625,209151400
2015-01-07,165.9634319564337,167.0345915730801,165.51849530756698,166.69676208496094,125346700
2015-01-08,168.09748816790014,169.869024603716,168.0810178817393,169.65478515625,147217800
2015-01-09,170.06675072748448,170.08323358464872,167.68548706306586,168.29522705078125,158567300
2015-01-12,168.42708807890264,168.5836438117954,166.37540583732635,166.97689819335938,144396100
2015-01-13,168.18813502289086,169.30873061252777,165.21361373830064,166.5072479248047,214553300
2015-01-14,164.50499337901047,165.69975549175481,163.61512015411023,165.5019989013672,192991100
2015-01-15,166.13647051424184,166.44956942530905,163.87056126040977,163.9859161376953,176613900
2015-01-16,163.77997355145,166.29307617464065,163.59869975090888,166.1365203857422,211879600
2015-01-20,166.77091419250849,167.0345896649275,164.9334713202657,166.4907684326172,130991100
2015-01-21,166.02935314471333,167.80912491052092,165.56793362900146,167.3312225341797,122942700
2015-01-22,168.08102454992158,169.95142049511813,166.71323638005796,169.81959533691406,174356000
2015-01-23,169.564119738954,169.8195600042842,168.75663580723023,168.8884735107422,117516800
2015-01-26,168.67422351292447,169.37458764279205,167.96561166976016,169.28395080566406,92009700
2015-01-27,167.24059532939023,168.18815242017473,166.22711936501577,167.05108642578125,134044600
2015-01-28,168.22932283050397,168.3281948366188,164.71922831331804,164.9087371826172,168514300
2015-01-29,165.10651804313372,166.68853323726023,163.70576402928936,166.43310546875,173585400
2015-01-30,165.26303082958518,166.58137019560846,164.0765165992491,164.34017944335938,197729700
2015-02-02,164.83458263222118,166.46603359139985,163.0300930901773,166.37539672851562,163107000
2015-02-03,167.26524579061075,168.78958926656478,166.894463277543,168.78134155273438,124212900
2015-02-04,168.02328652331434,169.22628342706494,167.68545716173728,168.13864135742188,134306700
2015-02-05,168.79783543378144,169.9843496112907,168.72368144087096,169.83602905273438,97953200
2015-02-06,170.19858072859728,170.75888469217193,168.84727567528097,169.3663787841797,125672000
2015-02-09,168.7236617178315,169.4405087109741,168.2045586826682,168.60830688476562,87219000
2015-02-10,169.63828844574928,170.65999922902105,168.64951822966802,170.40457153320312,96164200
2015-02-11,170.23983134662117,170.93196064564754,169.5971380585625,170.5034942626953,91087800
2015-02-12,171.2945186345204,172.2008874668353,170.53647041692065,172.14320373535156,97545900
2015-02-13,172.26675145476713,172.90119686249804,172.0113111759659,172.8517608642578,93670400
2015-02-17,172.53865049954948,173.29671105298593,172.29147050683778,173.12367248535156,76968200
2015-02-18,172.7529170154878,173.2143365045599,172.48924155159625,173.1401824951172,80652900
2015-02-19,172.54690121906617,173.37910321207133,172.40682836317836,173.0165557861328,91462500
2015-02-20,172.60457407578224,174.12891779378688,171.98659893162952,174.0547637939453,140896400
2015-02-23,173.80756998498592,174.03004455566406,173.42853970059855,174.03004455566406,74411100
2015-02-24,173.9558901413412,174.72218590601705,173.65926155061786,174.52442932128906,72472300
2015-02-25,174.4008166310965,174.8787188858132,174.03826922595033,174.3760986328125,73061700
2015-02-26,174.2854598287468,174.44201553128175,173.56860016833596,174.17010498046875,72697900
2015-02-27,174.07127699042695,174.33495248517968,173.52746828479377,173.576904296875,108076000
2015-03-02,173.67576962994886,174.73044642284773,173.6263336197722,174.6727752685547,87491400
2015-03-03,174.24428028315134,174.72218259095698,173.09896680206552,173.9558868408203,110325800
2015-03-04,173.36263756706063,173.43680414626542,172.25852489497942,173.22256469726562,114497200
2015-03-05,173.54391927618923,173.6922398686798,172.90947376137532,173.41209411621094,76873000
2015-03-06,172.5551287888291,172.9835950527475,170.6435323169567,170.97311401367188,188128000
2015-03-09,171.1709223977097,172.0360777566986,171.01436664391485,171.68177795410156,89818900
2015-03-10,170.32221566618426,170.40460481846046,168.85554291190695,168.89674377441406,157121300
2015-03-11,169.1520877112122,169.32512621891237,168.41875798378166,168.50115966796875,110145700
2015-03-12,169.1274308715226,170.70944571261202,169.0779948722286,170.64353942871094,93993500
2015-03-13,170.37160716696647,171.32739903467038,168.56711798607776,169.59707641601562,162410900
2015-03-16,170.32217748797643,171.95362818111172,169.62180070056112,171.8629913330078,136099200
2015-03-17,171.12968301520186,171.73117531616833,170.54466099943568,171.35215759277344,94510400
2015-03-18,170.88250948225874,174.07950535057307,170.24805139470664,173.41209411621094,228808500
2015-03-19,173.00009353333743,173.4203121205103,172.23379778880226,172.62106323242188,117917300
2015-03-20,173.56541124859362,174.64962400770247,173.38332836688056,174.14476013183594,177715100
2015-03-23,174.15302924625576,174.72410621804497,173.805419921875,173.805419921875,71784500
2015-03-24,173.68130020424437,174.1364948299341,172.7626137919206,172.82882690429688,77805300
2015-03-25,173.0356722237717,173.2674117143737,170.2547857076927,170.29615783691406,159521700
2015-03-26,169.63411811581813,170.80108792219932,168.93888674510126,169.89068603515625,153067200
2015-03-27,169.77476877413443,170.45343089079788,169.58440139203606,170.27963256835938,118939000
2015-03-30,171.30594307303178,172.6550083422736,171.28939926730735,172.3570556640625,96180400
2015-03-31,171.53768533953814,172.23291668553748,170.7928099467254,170.85073852539062,126768700
2015-04-01,170.8176285089476,170.84245684536316,169.26165207299155,170.24655151367188,137303600
2015-04-02,170.18039472729888,171.3059926564647,169.9983117807527,170.85906982421875,86900900
2015-04-06,169.9734482092837,172.5225963037585,169.8410346083079,172.00946044921875,114368200
2015-04-07,172.0342652822478,172.7791406227922,171.52112949782202,171.55422973632812,81236300
2015-04-08,171.7777246639366,172.57225680282082,171.3887304982197,172.13360595703125,89351900
2015-04-09,171.9680309038624,173.12672854112427,171.4797235159347,172.89498901367188,85548900
2015-04-10,173.1433128000492,173.87991626544922,172.94468610394253,173.83853149414062,72722900
2015-04-13,173.6978233352913,174.32684151356358,173.0026046813825,173.05226135253906,74436600
2015-04-14,172.85365429038538,173.56542945843373,172.2329205727453,173.3833465576172,75099900
2015-04-15,173.8468498958192,174.66621043461103,173.76408033707625,174.16134643554688,99529300
2015-04-16,173.8302828008532,174.61654304525962,173.63164344936558,174.11167907714844,68934900
2015-04-17,172.9281376944782,173.16814917303128,171.33077637562587,172.1087646484375,191113200
2015-04-20,173.02745832216522,174.0123578736731,172.94470140108723,173.68130493164062,92189500
2015-04-21,174.35995399162735,174.51720854723484,173.17642781644966,173.47438049316406,72559800
2015-04-22,173.81369485395206,174.50892614369104,172.89500854176768,174.32684326171875,78264600
2015-04-23,173.92957348475434,175.41106495177615,173.81370370204252,174.7655029296875,102585900
2015-04-24,175.1793202979641,175.43588819302647,174.72411308308304,175.17103576660156,61327400
2015-04-27,175.73382715305146,175.85796882521973,174.2523358446019,174.4427032470703,79358100
2015-04-28,174.41785884342903,175.046864305894,173.2508767171308,174.99720764160156,86863500
2015-04-29,174.11163683614478,174.87306855549284,173.47435941717836,174.2771759033203,125684900
2015-04-30,173.70604600765967,174.0950399650054,171.83556120114073,172.53079223632812,161304900
2015-05-01,173.30882416225984,174.44270617883703,173.20951082285615,174.4013214111328,103399700
2015-05-04,174.8234058131989,175.47725227079633,174.71582057790178,174.8979034423828,70927200
2015-05-05,174.65787643144472,175.013770252869,172.75429091692274,172.89498901367188,113326200
2015-05-06,173.44128197674513,173.74750658162085,171.12387348040323,172.18325805664062,135060200
2015-05-07,172.08391812981014,173.2922851845941,171.7528652366723,172.87017822265625,88244900
2015-05-08,174.5337909840612,175.34487959139798,174.45102142808634,175.146240234375,155877300
2015-05-11,175.10486276826882,175.36970260739656,174.2358329723651,174.31031799316406,75708100
2015-05-12,173.48262434692913,174.3268255659375,172.6632514612277,173.78884887695312,119727600
2015-05-13,174.19439807491344,174.8151316606903,173.5902209208373,173.82196044921875,94667900
2015-05-14,174.8317201480531,175.72557819092486,174.55859580477068,175.63453674316406,95934000
2015-05-15,175.8248748779297,175.96557298770557,175.3448393469459,175.8248748779297,76510100
2015-05-18,175.65931879022034,176.6193770613193,175.59310569758316,176.37109375,74549700
2015-05-19,176.487043447385,176.76016784240818,176.0318361223463,176.313232421875,72114600
2015-05-20,176.4125267125117,176.9339471037886,175.87456251401304,176.18907165527344,76857500
2015-05-21,176.04836026972717,176.90910544830965,175.88282117908557,176.7021942138672,64764600
2015-05-22,176.32146247360018,176.7352849201602,176.21387722511858,176.28009033203125,57433500
2015-05-26,175.79171318444938,176.21382002539266,173.9708975364012,174.3847198486328,124308600
2015-05-27,174.83997183329367,176.271793865363,174.43442131673527,176.04005432128906,93214000
2015-05-28,175.73387854051526,175.9490617114826,175.1545295195559,175.8414764404297,74974600
2015-05-29,175.77524673468258,175.81661888102775,174.48412257297713,174.74896240234375,124919600
2015-06-01,175.41102186475908,175.74207469722938,174.31852478566617,175.10479736328125,93338800
2015-06-02,174.64964926664845,175.61799238915683,174.02891552435898,174.93104553222656,91531000
2015-06-03,175.46071383801245,176.01523438986766,174.90619328615722,175.39450073242188,87820900
2015-06-04,174.69101312012216,175.34484702699578,173.59851580268213,173.91302490234375,151882800
2015-06-05,173.76399072623207,174.28541089391845,172.9611744101154,173.61502075195312,121704700
2015-06-08,173.50748019391892,173.65646284624262,172.47292404588495,172.5474090576172,89063300
2015-06-09,172.5225830078125,173.06055978923862,171.89357740785732,172.5225830078125,105034700
2015-06-10,173.28403988801946,174.97244286033785,173.22611130159058,174.5917205810547,134551300
2015-06-11,175.03035617419903,175.53522011524936,174.79861659098182,175.15451049804688,73876400
2015-06-12,174.33512578619542,175.03034448943524,173.54058110473616,173.81370544433594,135382400
2015-06-15,172.67985349324155,173.35024392727638,171.97635018681504,173.06884765625,124384200
2015-06-16,172.91986216752656,174.0951291699091,172.74606379131728,174.01235961914062,85308200
2015-06-17,174.29373168945312,174.8979215426942,173.27573202639746,174.29373168945312,126708600
2015-06-18,174.88968393574558,176.56980247723928,174.32689133000042,176.1063232421875,165867900
2015-06-19,175.86510226832593,175.9399495901097,174.95025936778484,175.3245086669922,130478700
2015-06-22,176.23933899345053,176.80486897140835,176.0147843538319,176.2227020263672,70696000
2015-06-23,176.4306147697586,176.68011850788776,175.95656908857174,176.34744262695312,68476800
2015-06-24,176.08138155796942,176.45563096230774,175.04179282908962,175.06674194335938,92307300
2015-06-25,175.56566942710884,175.6904149414853,174.45954600192098,174.53439331054688,97107400
2015-06-26,174.8920791171654,175.13327080009117,173.95229956970314,174.50120544433594,104174800
2015-06-29,173.02912582620755,174.50949894918622,170.76698006047354,170.84182739257812,202621300
2015-06-30,172.3720785092808,172.42198941511714,170.7253739447675,171.19943237304688,182925100
2015-07-01,172.76298179166304,173.01248558425087,171.78992842183146,172.5717010498047,135979900
2015-07-02,173.04575899493275,173.21209062605203,171.99784560733022,172.41368103027344,104373700
2015-07-06,171.13288898053196,172.69642131727892,170.93328343762698,171.9229736328125,117975400
2015-07-07,172.12259662024158,173.12891119494245,169.75232973288658,173.00416564941406,173820200
2015-07-08,171.6734962007684,171.95626124552618,169.868771969993,170.1016387939453,164020100
2015-07-09,172.18910717984457,172.4469357732105,170.30122370685766,170.40933227539062,144113100
2015-07-10,172.39700373915278,172.97085851904532,170.45089746061146,172.55502319335938,129456900
2015-07-13,173.81089249005686,174.56770330578686,173.7693064102214,174.4595947265625,106069400
2015-07-14,174.41795770772453,175.5240811187957,174.35973467490103,175.2163543701172,81709600
2015-07-15,175.25798430141555,175.71540577991894,174.68412941841035,175.15818786621094,97914100
2015-07-16,176.20606518957223,176.56369018554688,175.96488627297958,176.56369018554688,106683300
2015-07-17,176.55532895955832,176.77157141636005,176.14781852688122,176.71334838867188,89030000
2015-07-20,176.93797150333708,177.29558387379078,176.48887483272011,176.80490112304688,70446800
2015-07-21,176.67179216433937,176.92962072871038,175.80686026190133,176.10626220703125,77965000
2015-07-22,175.42426982254415,176.12288275625107,175.39100858298002,175.7902069091797,88667900
2015-07-23,175.9233129582215,176.02310938745734,174.4429400365433,174.80055236816406,90509100
2015-07-24,174.9003790266702,174.95858938613225,172.65487031166467,172.98753356933594,117755000
2015-07-27,172.1059746773746,172.61329442396672,171.54043187759277,171.98121643066406,132361100
2015-07-28,172.8128631006647,174.23502569603966,171.98951716307448,174.09364318847656,123544800
2015-07-29,174.21836698588396,175.51577119011958,174.07698449596467,175.29122924804688,105791300
2015-07-30,174.78390378320347,175.4991410372666,174.16846294449763,175.3328094482422,91304400
2015-07-31,175.83187772497988,175.8568268392496,174.78397685477418,175.06674194335938,103266900
2015-08-03,175.0334421513048,175.09165250835423,173.52810734346542,174.47621154785156,113965700
2015-08-04,174.40133614408694,174.85875754850196,173.65283762070766,174.1352081298828,81820800
2015-08-05,175.02510217498823,175.74033950870202,174.42629823558653,174.70907592773438,85786800
2015-08-06,174.8920408655341,175.00016212666623,172.69643053750892,173.2786102294922,116030800
2015-08-07,173.12060983404416,173.2703044979984,172.04774731454444,172.94595336914062,117858000
2015-08-10,174.0520612842865,175.20808317057939,174.0520612842865,175.1249237060547,80270700
2015-08-11,173.79419669743962,174.21003197447033,172.78786974329964,173.54469299316406,126081400
2015-08-12,172.2473178456554,173.93560833830855,170.79189413196906,173.7526397705078,172123700
2015-08-13,173.5946178194664,174.27659386972576,172.9958139134832,173.53640747070312,89383300
2015-08-14,173.3451441216115,174.24335013626597,173.2037616040672,174.1685028076172,72786500
2015-08-17,173.5780081437894,175.14154052734375,173.12058669236848,175.14154052734375,79072600
2015-08-18,174.8671289351472,175.2164292104266,174.40139523477467,174.63426208496094,71692700
2015-08-19,173.89405478493381,174.65919044323707,172.44695562934967,173.25367736816406,172946000
2015-08-20,171.74834848098652,173.22872162889385,169.57768698136883,169.6359100341797,194327900
2015-08-21,167.77294521481267,169.61094324774174,164.27161828918466,164.52943420410156,346588500
2015-08-24,155.9299546251587,164.23833735657138,151.69674083211345,157.6016082763672,507244300
2015-08-25,162.533434014676,162.55007098556018,155.45591939317808,155.74700927734375,369833100
2015-08-26,159.747364596865,162.00118586353452,156.6618596534704,161.72674560546875,339257000
2015-08-27,163.85577631670665,165.85178106006242,162.35045427496829,165.72703552246094,274143900
2015-08-28,165.08661897299652,166.2010545642235,164.60424848792363,165.73532104492188,160414400
2015-08-31,164.7622841872376,165.610591861225,163.84744133388966,164.39634704589844,163298800
2015-09-01,160.61220374348954,161.98446768987475,158.62451174565112,159.4894561767578,256000400
2015-09-02,161.8596968790306,162.5583096928454,160.03002445013726,162.5167236328125,160269300
2015-09-03,163.2237189520738,164.71241690293388,162.14255698274914,162.63323974609375,152087800
2015-09-04,160.38773608328512,161.22771911300313,159.35645961201206,160.17149353027344,207081000
2015-09-08,162.9576109859179,164.3464999752582,162.31722078929786,164.19679260253906,116025700
2015-09-09,165.76864030237743,165.89338585405417,161.63523515295364,162.00115966796875,149347700
2015-09-10,161.80988889317257,164.02213654131373,161.55207294363186,162.88275146484375,158611100
2015-09-11,162.49185196038175,163.68945999438665,161.78492667383196,163.6229248046875,119691200
2015-09-14,163.79753478393275,163.8474329933412,162.53339182100814,163.01576232910156,79452000
2015-09-15,163.5147793493629,165.49415970669656,162.97419846216422,165.05337524414062,113806200
2015-09-16,165.35279608532932,166.67514962395944,165.01180800848826,166.48385620117188,99581600
2015-09-17,166.35078023734928,168.73767113237793,165.73533933874756,166.10958862304688,276046600
2015-09-18,163.61243196557712,166.09532302613908,162.9854363099406,163.3950653076172,223657500
2015-09-21,164.22277848965334,165.25940361212471,163.19450872078528,164.239501953125,105726200
2015-09-22,162.08263297513628,162.5675113614586,160.97911400841684,162.1077117919922,153890900
2015-09-23,162.27490916401717,162.7430640899207,161.27171821475747,161.8485565185547,92790600
2015-09-24,160.6363554974167,161.7231510165589,159.30712715973286,161.2633514404297,159378800
2015-09-25,162.71795148101944,163.01890997892332,160.35208576954818,161.22152709960938,155054800
2015-09-28,160.32704193062546,160.4357253096563,156.8660248278942,157.1753387451172,178515900
2015-09-29,157.3927103132647,158.62162342230909,156.27246783030708,157.26730346679688,159045600
2015-09-30,159.14829872472652,160.36885653634806,158.37082981695073,160.20166015625,163452000
2015-10-01,160.5778113747788,160.92057215200472,158.68846855841454,160.61961364746094,131079000
2015-10-02,158.64668826178934,163.04401497305727,158.10328415417325,163.01893615722656,211003300
2015-10-05,164.23950106479637,166.1455676897734,164.13081768721608,165.9198455810547,126320800
2015-10-06,165.7860695948451,166.3461843870021,164.6909188253841,165.35134887695312,110274500
2015-10-07,166.27927740156187,167.05675880972396,165.09216691041397,166.7056427001953,124307300
2015-10-08,166.32107850672975,168.49466898621742,166.02012002120472,168.21043395996094,153055200
2015-10-09,168.35256277089263,168.78727069095308,167.68376467414845,168.31076049804688,107069200
2015-10-12,168.38595419135143,168.67018916453048,167.9596017315828,168.4695587158203,56395600
2015-10-13,167.74230593463147,169.00466590360523,167.24071684469598,167.4079132080078,88038700
2015-10-14,167.349381311894,167.9262195869361,166.3127562437158,166.6053466796875,99106200
2015-10-15,167.26578677357645,169.17185327783363,166.89794714007698,169.1634979248047,134142200
2015-10-16,169.5647166383483,169.9492668529726,168.80395880315405,169.93255615234375,114580100
2015-10-19,169.28889366911423,170.01620483398438,168.9795797725629,170.01620483398438,76523900
2015-10-20,169.58155036309861,170.4091770514802,169.33074937172577,169.7989044189453,78448500
2015-10-21,170.21685980932756,170.3673327132533,168.57830479218902,168.74551391601562,102038000
2015-10-22,169.6902008028033,171.8052663754029,168.74553546512635,171.5962677001953,174911700
2015-10-23,173.25983416517303,173.8450276762397,172.46564206042098,173.47718811035156,144442300
2015-10-26,173.30167372036806,173.36018670593268,172.68303315770692,173.05087280273438,69033000
2015-10-27,172.38204051339181,173.05083857604924,172.03927975229385,172.71644592285156,77905800
2015-10-28,173.05078325165493,174.70604804144028,172.39035350803738,174.68096923828125,135906700
2015-10-29,174.1794756854417,174.94858916758312,174.06243695459986,174.58074951171875,90525500
2015-10-30,174.77301653548977,175.09069854277453,173.66951037566886,173.82833862304688,131076900
2015-11-02,174.15435544360557,176.07713231346827,174.02894863279155,175.88485717773438,86270800
2015-11-03,175.5337934948954,176.94662646070492,175.30807137302392,176.39486694335938,95246100
2015-11-04,176.68738006490256,176.81277409296123,175.32470543078836,175.8597412109375,96224500
2015-11-05,175.91826621534747,176.37806561013937,174.79803696713458,175.68418884277344,78408700
2015-11-06,175.34145129171975,175.82632952260306,174.2713795946879,175.5922393798828,110471500
2015-11-09,174.9819896555417,175.13247528409406,173.0090423180787,173.95372009277344,131008700
2015-11-10,173.47721420953502,174.3884579098564,173.2097026026275,174.35501098632812,75874600
2015-11-11,174.62252780808376,174.6726854349463,173.6026135410018,173.66949462890625,67846000
2015-11-12,172.6328404097794,173.10099522412602,171.22837596673946,171.24508666992188,121315200
2015-11-13,170.8354720810577,171.10298367355642,169.23871960957644,169.3223114013672,153577100
2015-11-16,169.13839960000348,171.95569675375208,169.02134813351492,171.8971710205078,117645200
2015-11-17,172.20646436681244,173.08424814580002,171.27851021633793,171.77174377441406,121123700
2015-11-18,172.24834925026235,174.6392946979438,172.20655971860782,174.49717712402344,121342500
2015-11-19,174.3801138593773,174.76467699542673,174.05407646944508,174.3466796875,88220500
2015-11-20,175.09900280255553,175.65911745030533,174.6057692292586,174.98196411132812,94011500
2015-11-23,175.04049775530277,175.54208670200444,174.3215421177286,174.78134155273438,64931200
2015-11-24,173.7781912351542,175.41674624331006,173.39364086749754,175.01547241210938,98874400
2015-11-25,175.14084458837866,175.3414878570116,174.7312026985185,174.99037170410156,51980100
2015-11-27,175.0823261519101,175.39165279848365,174.6058159088999,175.19100952148438,37317800
2015-11-30,175.34980548681744,175.46684417927574,174.3549702227916,174.46365356445312,112822700
2015-12-01,175.0906639572706,176.2443402768816,174.81478428274357,176.12728881835938,97858400
2015-12-02,176.07716632690577,176.39484833482143,174.0791398820842,174.32994079589844,108441300
2015-12-03,174.5806657010647,174.84817720473728,171.16980792449226,171.88876342773438,166224200
2015-12-04,171.88878686652546,175.53372248943268,171.88878686652546,175.24111938476562,192913900
2015-12-07,174.91514042477857,175.33313771005442,173.21807246705978,174.17947387695312,102027100
2015-12-08,172.6244677095961,174.12924724554944,172.030906143462,173.00901794433594,103372400
2015-12-09,172.37368627546385,174.45530415415365,170.6933293781942,171.6630859375,162401500
2015-12-10,171.72996048348293,173.41030456053363,171.49588308238916,172.1061553955078,116128900
2015-12-11,169.9994971174157,170.6599272002176,168.46125744818977,168.7705841064453,211173300
2015-12-14,168.92944195314212,169.74871312337578,167.15712465335616,169.62330627441406,182385200
2015-12-15,171.12808145000753,172.30683682436776,169.59820989618638,171.40396118164062,154069600
2015-12-16,172.5241724062137,174.21288478499454,171.21166773895928,173.91192626953125,197017000
2015-12-17,174.2212403367473,174.28812142428936,171.24510210057215,171.26182556152344,173092500
2015-12-18,170.5234828257022,170.65802826719286,168.05102908372263,168.2108154296875,251393500
2015-12-21,169.37974112973552,169.77499798712034,168.2696547646083,169.598388671875,99094300
2015-12-22,170.48138898102388,171.43168890612836,169.49745591203236,171.13734436035156,111026200
2015-12-23,172.13810048751947,173.29864285088595,172.04559330156735,173.256591796875,110987200
2015-12-24,173.0043338492044,173.51732601630175,172.75204030548423,172.97068786621094,48539600
2015-12-28,172.2811253197084,172.61750820754412,171.50743441193845,172.57546997070312,65899900
2015-12-29,173.66869730253606,174.745137796761,173.63506415117155,174.4171600341797,92640700
2015-12-30,174.17328995206796,174.2573920814353,173.03797536652527,173.18093872070312,63317700
2015-12-31,172.50813170157173,173.14726410227843,171.44850158691406,171.44850158691406,114877900
2016-01-04,168.60599917615417,169.06011711252154,167.00814924203544,169.0517120361328,222353500
2016-01-05,169.3713254091288,169.79181034096098,168.23602379249098,169.3376922607422,110845800
2016-01-06,166.79801576436495,168.24448544280952,166.17570606860147,167.20169067382812,152112600
2016-01-07,164.26661046060315,166.04105701301776,162.80331858600363,163.19017028808594,213436100
2016-01-08,164.1489317141223,164.70397497816032,161.11302958663285,161.39895629882812,209817200
2016-01-11,162.31559887064284,162.65199453635876,159.6329156175855,161.55873107910156,187941300
2016-01-12,162.9967561099256,163.6106604080713,160.74295060390733,162.86219787597656,172330500
2016-01-13,163.52661663445775,163.8714174198768,158.42193532288167,158.8003692626953,221168900
2016-01-14,159.40584897331868,162.5258401527385,157.8164163570412,161.4073486328125,240795600
2016-01-15,157.06794763263426,158.7414694764647,156.01673528563242,157.9425506591797,324846400
2016-01-19,159.75062123923658,159.87676157035148,156.58856672936832,158.15277099609375,195244400
2016-01-20,155.60465563792062,157.68185226499943,152.232371043732,156.1260528564453,286547800
2016-01-21,156.59697899195075,158.83394872018695,155.27665035705797,157.00064086914062,195772900
2016-01-22,159.59920499422412,160.4233515851136,158.84233750922849,160.22152709960938,168319600
2016-01-25,159.71700140431025,159.9104208877375,157.60617158102588,157.79959106445312,130371700
2016-01-26,158.45558885775432,160.23003632857797,158.11920594180657,159.9525146484375,141036800
2016-01-27,159.43110445188756,161.0962215665761,157.31185632180285,158.21170043945312,185681700
2016-01-28,159.75064189917398,159.95246645505898,157.39592370045483,159.0358123779297,143798800
2016-01-29,159.80104329216925,163.04718638644127,159.6833080641771,162.91262817382812,210529300
2016-02-01,161.91193859132608,163.6359295035617,161.33166729007863,162.85382080078125,136061600
2016-02-02,161.43255607374383,161.44096115151413,159.3973980215029,159.91880798339844,182564900
2016-02-03,160.97004015467195,161.28119488917497,157.34546219740864,160.87753295898438,205054900
2016-02-04,160.38132877903953,162.09690123151802,159.75060153689353,161.12979125976562,139531800
2016-02-05,160.61682760894226,161.18868091665482,157.42954486331232,158.06027221679688,180788300
2016-02-08,156.22696174737354,156.52129347506644,153.72928044024542,155.9326171875,191526700
2016-02-09,154.2002993989342,157.2109743136364,154.06574108457957,155.94110107421875,184513100
2016-02-10,156.76519315488096,158.3882588094194,155.68033486002952,155.80648803710938,148214100
2016-02-11,153.34246191814435,154.82257728439015,152.29124945106454,153.77976989746094,219058900
2016-02-12,155.54579243158952,156.96702072947815,154.70482256358872,156.95021057128906,127632400
2016-02-16,158.74986830934805,159.6244712307841,157.79116327738643,159.5992431640625,120250700
2016-02-17,160.75978402338853,162.57628180304022,160.63363085880755,162.2062530517578,136009500
2016-02-18,162.4753623648004,162.5342364100918,161.23073065709553,161.54188537597656,102343000
2016-02-19,160.76819530757712,161.61757018695062,160.1626960243193,161.46620178222656,114793000
2016-02-22,163.03889795417703,163.9471473623292,162.9716187944412,163.80418395996094,103640300
2016-02-23,163.14817495940142,163.41729151053508,161.61760344724144,161.7353515625,111455300
2016-02-24,160.31413164197713,162.75293975913436,159.2124628821816,162.4754180908203,150812200
2016-02-25,162.9210839433892,164.45165521570598,162.16421621824927,164.4432373046875,110728300
2016-02-26,165.30944868764604,165.40194305175584,163.90501775335608,164.06480407714844,129833700
2016-02-29,164.081581637922,165.02346349779592,162.58465675397474,162.778076171875,125918100
2016-03-01,163.99751126866474,166.68862481548388,163.5265702476255,166.60452270507812,141799700
2016-03-02,166.2933794558025,167.4034529630207,165.8812996179015,167.35299682617188,102415000
2016-03-03,167.1763769484641,168.02576463900402,166.6045236574135,168.00894165039062,95172200
2016-03-04,168.20238195697334,169.3292913545124,167.3782350632835,168.5555877685547,129293600
2016-03-07,167.63892745402748,169.09381453920702,167.56324324696448,168.6901397705078,100219000
2016-03-08,167.62212277197764,168.12669700106255,166.6886456911612,166.84841918945312,123974900
2016-03-09,167.65575391387418,168.01736479878008,166.87364526149202,167.67257690429688,94801200
2016-03-10,168.16036284896478,169.09384004006324,165.9906587606769,167.80714416503906,156838700
2016-03-11,169.253560077013,170.55706570058754,167.79028098675542,170.5150146484375,137964500
2016-03-14,170.01047529591776,170.7505200699857,169.6824975535446,170.29640197753906,73612000
2016-03-15,169.33769158835602,170.32162478507462,169.07699298480432,170.0188751220703,93169100
2016-03-16,169.53954340704055,171.4064976824676,169.4974923440082,171.00282287597656,129303200
2016-03-17,170.91869902861794,172.59222064220828,170.5234422139494,172.087646484375,134278500
2016-03-18,172.58642628748746,173.10206436515764,172.27366664801107,172.76394653320312,138372400
2016-03-21,172.50181095028285,173.23722393527044,172.27357444177022,173.0089874267578,72926700
2016-03-22,172.2398129731797,173.482415751694,172.07921541878494,172.9160614013672,97471900
2016-03-23,172.53576571365753,172.72173445089945,171.60592202744797,171.77499389648438,81052500
2016-03-24,170.7521122816127,171.73267206161066,170.53233697852434,171.6988525390625,84360900
2016-03-28,172.1130067420519,172.32433355093423,171.35223538942148,171.8002471923828,62408200
2016-03-29,171.39447884002064,173.49929835753773,171.09016773987798,173.389404296875,92922900
2016-03-30,174.3868619644017,174.86868031711376,173.78668823210228,174.15017700195312,86365300
2016-03-31,174.0572389294983,174.47989260303018,173.56695912039737,173.72756958007812,94584100
2016-04-01,172.7385622989475,175.09696413244765,172.4257898082557,174.91099548339844,114423500
2016-04-04,174.83494540729757,175.03782384332382,174.04035432248855,174.34466552734375,63497000
2016-04-05,173.0090306052794,174.3530660161623,172.34969199245515,172.60328674316406,99662200
2016-04-06,172.60325012343898,174.54745893523497,172.42572996609618,174.48828125,91839800
2016-04-07,173.40635424047946,173.7613817898661,171.6734715435659,172.4004364013672,113859000
2016-04-08,173.57538089461733,174.0064958303684,172.33277825338988,172.86532592773438,95040600
2016-04-11,173.49927301616862,174.19243099239216,172.36656465822293,172.4595489501953,83757500
2016-04-12,172.62868429513696,174.34465734525966,172.18912082022655,174.06570434570312,115350600
2016-04-13,174.97863666827863,175.90847999349575,174.84338438490744,175.82394409179688,96336400
2016-04-14,175.8831114792108,176.33112335551004,175.48581598160706,175.83238220214844,65212900
2016-04-15,175.83240233620927,175.96765462712918,175.31676426314957,175.6379852294922,75761600
2016-04-18,175.63793136726323,176.9058921844675,174.97859277418618,176.87208557128906,82531000
2016-04-19,177.29472281960233,177.68355687791993,176.6184745331453,177.42996215820312,88316100
2016-04-20,177.4722714787738,178.29222062132038,176.99890143737912,177.5990753173828,81100300
2016-04-21,177.61598874235912,177.72588283306285,176.3733858186248,176.64389038085938,85695000
2016-04-22,176.28886281670205,176.91438204472652,175.74786659060032,176.64389038085938,99251700
2016-04-25,176.04372158929198,176.38185230196618,175.4350992048462,176.33958435058594,66166500
2016-04-26,176.70304102989175,177.10879784072287,176.128238228764,176.6016082763672,75864200
2016-04-27,176.221228535998,177.35393731670564,175.8662009882404,176.96510314941406,77329400
2016-04-28,176.2127774753617,177.31166672176528,174.9448164387114,175.3590087890625,97216200
2016-04-29,174.74191601616556,175.0884950847974,173.31334469776647,174.41224670410156,142424100
2016-05-02,174.91099343793363,175.97607604409657,174.47989133746998,175.79856872558594,62188000
2016-05-03,174.57283525816314,174.80952022697704,173.52464975458471,174.26852416992188,106422100
2016-05-04,173.27959666635812,174.00656166416874,172.79776517901377,173.29649353027344,92243800
2016-05-05,173.76134717440914,174.1163746530698,172.8399654156209,173.2626190185547,67619200
2016-05-06,172.49343873828653,173.9389201744794,172.34128958624953,173.8966522216797,89315000
2016-05-09,173.769806865732,174.47140048943743,173.59228667889047,174.04029846191406,74374900
2016-05-10,174.74187654752566,176.22116390313903,174.67425043489416,176.20425415039062,77472200
2016-05-11,175.74788643333602,176.28042139051388,174.55599975585938,174.55599975585938,81727000
2016-05-12,175.22372960038683,175.39280136466272,173.60074127058297,174.60665893554688,89586300
2016-05-13,174.31080402981107,174.86024855249067,172.76389030030523,173.08509826660156,96474600
2016-05-16,173.25424105852412,175.26606425588082,173.19506333882882,174.79269409179688,77486800
2016-05-17,174.52215440321876,174.8095557954899,172.63710979883587,173.1612091064453,114924900
2016-05-18,172.81463384148617,174.38690600243459,172.1299369630414,173.21192932128906,120062100
2016-05-19,172.49341286002985,172.89915676962522,171.41142050219796,172.61175537109375,115430500
2016-05-20,173.22036288247395,174.2178321605185,173.1696465104042,173.7021942138672,104990400
2016-05-23,173.71911228682396,173.99806526563853,173.27956174296477,173.4655303955078,58682600
2016-05-24,174.2769545802591,176.02674638133414,174.25159640039095,175.71397399902344,93537800
2016-05-25,176.39029154154224,177.32013482998423,175.7140430497996,176.9059295654297,76621400
2016-05-26,177.04112461614707,177.26936114923737,176.64382923936,176.9565887451172,55280700
2016-05-27,177.11723338236027,177.72585565595264,177.0665170092885,177.7174072265625,64211200
2016-05-31,177.98789472041207,178.09778879176213,176.82136657335826,177.3792724609375,109879400
2016-06-01,176.77067138759838,177.9202899156816,176.57625430591008,177.74278259277344,69936200
2016-06-02,177.34549124942043,178.30067981979306,176.87212117943628,178.28378295898438,63044700
2016-06-03,177.7258930288348,178.09783037406095,176.5509161782531,177.75125122070312,101757100
2016-06-06,178.10621278302153,179.010697618935,177.94560236181349,178.65567016601562,64887000
2016-06-07,178.8078709162646,179.49256783743573,178.78251272647063,178.93466186523438,60974800
2016-06-08,179.0698563025196,179.64467184837082,178.94306539450398,179.5178680419922,66170900
2016-06-09,178.79094999932,179.39112388317923,178.52045835894236,179.2727813720703,73786900
2016-06-10,177.903384549395,178.2415023186319,177.03270614179615,177.57371520996094,113829200
2016-06-13,176.97348667091651,177.82724215846014,176.11973118337286,176.20425415039062,117751200
2016-06-14,175.8239356895269,176.44946779644985,174.9110021679503,175.8577423095703,125059300
2016-06-15,175.85766693008625,176.97347838874396,175.426564992893,175.61253356933594,109124500
2016-06-16,175.61260180337405,176.3057600209619,173.78673483342055,176.13668823242188,149533100
2016-06-17,176.03306071872714,176.0585507847798,174.82648338560102,175.4807586669922,117055700
2016-06-20,177.43503776949882,178.10629762797106,176.52584907431972,176.61082458496094,82789600
2016-06-21,176.99319416014075,177.52000603986713,176.5513448283531,177.11215209960938,72461700
2016-06-22,177.29056857800433,178.01282148859787,176.6787812330277,176.8232421875,95560500
2016-06-23,178.2762123937077,179.1768956408914,177.81737840633824,179.12591552734375,102731400
2016-06-24,173.02507882083157,179.15993738952622,172.25184574324885,172.69369506835938,333444400
2016-06-27,171.29165475338166,171.30016008275686,168.79352542000262,169.6007537841797,230775800
2016-06-28,171.19817759408187,172.6851580246095,170.89228395832714,172.65966796875,159382400
2016-06-29,174.0531589544112,175.82903510807486,173.9511987436175,175.59962463378906,137328600
2016-06-30,176.06704748239667,178.0468449977692,175.51473249230278,177.99586486816406,165021900
2016-07-01,177.99578801422513,178.8539963768428,177.83434236322023,178.36965942382812,106055300
2016-07-05,177.54547340776043,177.6559389679489,176.49184978297694,177.08663940429688,109803700
2016-07-06,176.59381480621082,178.26773112085175,175.93953972228192,178.14877319335938,96021500
2016-07-07,178.3272260862545,178.98999361805443,177.27360230003075,178.038330078125,85593800
2016-07-08,179.32981408443075,180.93575217618346,179.10039065262654,180.6893310546875,133971000
2016-07-11,181.14821449870038,181.895957410873,180.94428107753305,181.32664489746094,73633900
2016-07-12,182.28681824453608,182.94109330937678,181.3521395804779,182.64369201660156,101275600
2016-07-13,183.06004383663773,183.06853620035284,182.13387053950225,182.61819458007812,87324100
2016-07-14,183.87584014736538,184.10526373258915,183.247067828122,183.63792419433594,91230900
2016-07-15,184.19864912093422,184.39407721649118,182.9495844443756,183.3914337158203,107155400
2016-07-18,183.5103906239175,184.0457077581789,183.25547708543868,183.88426208496094,58725900
2016-07-19,183.46793365806346,183.73133960469437,183.2215254076342,183.69735717773438,54345700
2016-07-20,183.69732375243834,184.6999672333608,183.69732375243834,184.46205139160156,58159500
2016-07-21,184.35163243052796,184.57255061947964,183.3234857396611,183.7653350830078,67777300
2016-07-22,183.88428332133688,184.64051869471388,183.6208773884837,184.58953857421875,62787500
2016-07-25,184.38558182789097,184.43656194194426,183.51038862880034,184.0881805419922,55873100
2016-07-26,183.9862667389897,184.53007636851208,183.33199152418422,184.17320251464844,70080500
2016-07-27,184.5470523114183,184.61503012777584,183.21301197560646,183.97775268554688,84083900
2016-07-28,183.78230340812408,184.47906627064395,183.32346937496968,184.19017028808594,65035700
2016-07-29,183.9267393751061,184.84440731673325,183.64633579527097,184.48753356933594,79519400
2016-08-01,184.54706633314595,184.93792260009536,183.88429878010672,184.3346405029297,73311400
2016-08-02,184.08821504653068,184.24116838280028,182.32084358935867,183.15354919433594,92295500
2016-08-03,183.09406829957314,183.7483434882138,182.7966799159683,183.68885803222656,53993600
2016-08-04,183.7992865836543,184.1986481020015,182.04890016644285,183.88426208496094,46585500
2016-08-05,183.88429438086453,185.43074764581084,183.88429438086453,185.3882598876953,71892200
2016-08-08,185.57518988034602,185.67716308974096,185.01439557316738,185.27780151367188,39906500
2016-08-09,185.34578509502322,185.88108935785985,185.06538144999288,185.3882598876953,51251700
2016-08-10,185.49872776314322,185.5751979494322,184.58104663134466,184.92942810058594,57941100
2016-08-11,185.45625962486258,186.0340646795433,185.19285364503773,185.7876434326172,72504300
2016-08-12,185.4817444606546,185.83863128858607,185.2268438199101,185.62620544433594,61313500
2016-08-15,185.99157619578298,186.50989578697508,185.98308382936654,186.16151428222656,49813500
2016-08-16,185.74507280516514,185.8130376325855,185.20126342773438,185.20126342773438,53213600
2016-08-17,185.2352813509182,185.6856229701783,184.40257591828794,185.54966735839844,75134300
2016-08-18,185.5241694399179,186.0000010955423,185.41371685478808,185.9660186767578,52989300
2016-08-19,185.49877043222565,185.8726420495625,185.01444617554586,185.69419860839844,75443000
2016-08-22,185.45621493443744,185.91506192103134,185.09084878348472,185.68563842773438,61368800
2016-08-23,186.29745569083772,186.59485704345448,186.00005433822096,186.05953979492188,53399200
2016-08-24,185.9150799012492,186.00854778048802,184.6915051059202,185.1078643798828,71728900
2016-08-25,184.72546365361646,185.39673641740734,184.5725233066918,184.98037719726562,69224800
2016-08-26,185.16733625551717,186.18697759310794,183.7483333411749,184.63201904296875,122506300
2016-08-29,184.7594733108918,185.80460465858852,184.72547792087752,185.54119873046875,70502200
2016-08-30,185.45622396033679,185.73662758458175,184.6830038679016,185.2353057861328,58114500
2016-08-31,184.90392421035452,185.02288214638892,183.93526302680513,184.70849609375,85269500
2016-09-01,184.69999754335961,185.00589124231146,183.56139826160006,184.7169952392578,97844200
2016-09-02,185.5666650512311,185.97451892112989,184.98036782019116,185.54966735839844,79293900
2016-09-06,185.83011575431115,186.18698959720462,185.11636806852422,186.1105194091797,56702100
2016-09-07,185.94905786137406,186.27194924834248,185.49022380686773,186.093505859375,76554900
2016-09-08,185.76207747367664,186.03398867430494,185.36271600115361,185.66860961914062,74102900
2016-09-09,184.36007682465325,184.41105693457354,181.19918035519612,181.22467041015625,221589100
2016-09-12,180.4684283882186,184.22411427418618,180.400450589075,183.8247528076172,168110900
2016-09-13,182.5502278367942,182.81363374777334,180.56192550994362,181.1822052001953,182828800
2016-09-14,181.233215758906,182.4313005540661,180.5619558396386,181.1142578125,134185500
2016-09-15,180.95276792412224,183.3064360464979,180.77432457814706,182.924072265625,134427900
2016-09-16,182.31093525496496,182.49028002347347,181.53380934059015,182.2169952392578,155236400
2016-09-19,182.86603739246033,183.50653393622775,181.9266372492272,182.25115966796875,80250500
2016-09-20,183.10511877484677,183.25883166004158,182.2255047381887,182.25965881347656,69665300
2016-09-21,182.9599813426876,184.48862739308572,182.2767824084513,184.30929565429688,110284400
2016-09-22,185.31700546359937,185.76962199207247,185.06935252631513,185.47071838378906,76678700
2016-09-23,185.0778960657672,185.21453846600355,184.36054301093114,184.45448303222656,73630900
2016-09-26,183.62610686926803,183.80543861796872,182.7635631176334,182.95999145507812,89827300
2016-09-27,182.7977331719538,184.18973692863324,182.43050834334028,184.09580993652344,78494800
2016-09-28,184.317787450304,185.16324739802008,183.36131698649547,185.009521484375,87411000
2016-09-29,184.8046123697199,185.20599127847757,182.78918256246698,183.3357391357422,128070600
2016-09-30,184.16411814763177,185.41949253274157,183.9164651946017,184.71922302246094,117202900
2016-10-03,184.30932886304677,184.4971958986491,183.6432003347153,184.27516174316406,83512100
2016-10-04,184.38616293403305,184.60819706254165,182.74649321420745,183.3357391357422,119948100
2016-10-05,183.95913841626216,184.57401610052685,183.89081722568446,184.1470184326172,72816000
2016-10-06,183.92502043452603,184.4971958986491,183.38701209028568,184.27516174316406,62927400
2016-10-07,184.5484039938564,184.71920046104418,182.91726971570253,183.64315795898438,89788300
2016-10-10,184.5996551513672,185.06080694964336,184.4544774920777,184.5996551513672,51855000
2016-10-11,184.1726225646469,184.24094374977682,181.54231557634688,182.26820373535156,130367400
2016-10-12,182.40488168196612,183.0283077312698,181.90956276636723,182.5073699951172,73866100
2016-10-13,181.18367286306528,182.40488006844393,180.3723798138563,181.90956115722656,101357000
2016-10-14,182.88307781127833,183.34424254419653,181.92660729994196,182.0034637451172,93346200
2016-10-17,181.97786565489582,182.23406686559122,181.19219149811556,181.3715362548828,58275700
2016-10-18,182.95998653281447,183.01975943712776,182.13160991908106,182.5073699951172,76869700
2016-10-19,182.77210650321214,183.30157950259496,182.41342998450736,182.994140625,66519200
2016-10-20,182.64400907845004,183.20764922249205,181.99497720499787,182.65255737304688,73639800
2016-10-21,182.6525538288874,182.8233503153305,181.69607004912004,182.73794555664062,89089100
2016-10-24,183.60904623443633,183.8823310697286,183.16496489255547,183.51510620117188,60146600
2016-10-25,183.33575581148787,183.5919570790314,182.73796154117815,182.9002227783203,66542300
2016-10-26,182.08034252064866,183.11366952993558,181.84121184966799,182.532958984375,75705500
2016-10-27,183.25034029279843,183.2844943762672,181.96934715227448,182.04620361328125,77220200
2016-10-28,182.02062707491584,182.69527788536269,180.79941958545535,181.5082244873047,140623200
2016-10-31,181.84124830762158,182.06329546856531,181.35447766812322,181.51673889160156,61272500
2016-11-01,181.84122284602958,181.89247351279658,178.9974298098665,180.20155334472656,122781800
2016-11-02,179.89416097455936,180.27846940445647,178.68148883314285,179.11703491210938,103330800
2016-11-03,179.3305051213913,179.54400397899198,178.02389315535012,178.2971649169922,88939300
2016-11-04,178.4081926675561,179.24510456027213,177.95557612132646,178.1007537841797,109122100
2016-11-07,178.10075768897855,182.06329614440926,178.10075768897855,182.0291290283203,109794900
2016-11-08,181.6362965160798,183.41260863701984,181.37156000836592,182.84896850585938,106772100
2016-11-09,181.36299160674898,185.40239906795784,181.33737278825802,184.7875213623047,258429000
2016-11-10,185.5732254640675,186.43575623122027,183.7969132535792,185.2487030029297,172113300
2016-11-11,184.53128477345274,185.06075762868406,183.8822531112036,184.82164001464844,100552700
2016-11-14,185.34258738615114,185.5475509365364,184.22385569769818,184.96682739257812,94580000
2016-11-15,185.35112116725438,186.4100799560547,185.1461706494392,186.4100799560547,91652600
2016-11-16,185.79526103549384,186.29057999491258,185.67570218535394,186.05999755859375,65617700
2016-11-17,186.21372163613847,187.076252401182,186.10269805108655,187.0164794921875,69797200
2016-11-18,187.0847296727101,187.25552610191676,186.4186014462192,186.5979461669922,86265800
2016-11-21,187.17012267118267,188.03265311477003,187.02494505380255,188.0070343017578,72402600
2016-11-22,188.31451216564693,188.55362982400158,187.64839682723974,188.37429809570312,67429000
2016-11-23,187.8619592483498,188.528074812201,187.6655438977115,188.47683715820312,56620200
2016-11-25,188.81838648715674,189.21121707036835,188.74151699832356,189.17706298828125,37872300
2016-11-28,188.86961827830604,189.1428900193489,188.18641937929613,188.2888946533203,76572500
2016-11-29,188.32302454762765,189.10869856539156,188.0241210162149,188.6560821533203,69886700
2016-11-30,189.2709853519725,189.43324654635933,188.14370528419104,188.2034912109375,113291800
2016-12-01,188.502404564412,188.502404564412,187.15309024313768,187.51177978515625,79040500
2016-12-02,187.59717762732174,188.09249654857405,187.24703636784292,187.605712890625,74840300
2016-12-05,188.43408284299034,189.0745794033417,188.23766754647798,188.7329864501953,67837800
2016-12-06,188.92086588064257,189.36494714306397,188.4426305353899,189.33078002929688,59877400
2016-12-07,189.17708068706594,191.86716121264251,189.05752184217224,191.80738830566406,110738100
2016-12-08,191.78174798179285,192.74675389633438,191.51699846905584,192.2770538330078,99714400
2016-12-09,192.4991502614021,193.45562115822483,192.46498314026493,193.43853759765625,88005800
2016-12-12,193.34455528054696,193.8228036553141,192.79799874032028,193.21646118164062,102016100
2016-12-13,193.87406362757642,195.00133092061142,193.85698006877575,194.50601196289062,110477500
2016-12-14,194.20712480160623,194.90739435361698,192.46496663925623,192.9005126953125,142501800
2016-12-15,193.1395951140877,194.54868225570195,192.90901271659143,193.69468688964844,124972600
2016-12-16,194.1491466602162,194.20928498412835,192.9980509040442,193.31588745117188,156420200
2016-12-19,193.49627408622837,194.15773005848882,193.35024073531872,193.73680114746094,90341100
2016-12-20,194.26938888388705,194.6301925722848,194.03746050844165,194.48414611816406,89838800
2016-12-21,194.35527756606604,194.5270807147422,193.9429473876953,193.9429473876953,67909000
2016-12-22,193.79697390442428,193.91723745641144,193.21282728924086,193.6079864501953,56219100
2016-12-23,193.6508630664592,193.89998876776525,193.46188878277357,193.8914031982422,36697800
2016-12-27,194.15775554824944,194.76765885225183,194.1405712965506,194.3725128173828,42672500
2016-12-28,194.63020244535886,194.64737358739828,192.65443316823655,192.76609802246094,64095000
2016-12-29,192.8347788429552,193.1869837922266,192.28500094242335,192.72311401367188,48696100
2016-12-30,193.04960058020293,193.13550873090074,191.331542428195,192.01876831054688,108998300
2017-01-03,193.3158698803758,193.9945100938081,192.31940625644611,193.48768615722656,91366500
2017-01-04,193.8141051371901,194.78481203331074,193.80551956658192,194.63877868652344,78744400
2017-01-05,194.37248126960412,194.638778142869,193.69384106895362,194.48414611816406,78379000
2017-01-06,194.59580047699106,195.6438167017955,194.05460811776294,195.17994689941406,71559900
2017-01-09,194.92225069076343,195.05969846051255,194.5013218113095,194.5356903076172,46939700
2017-01-10,194.55286144803023,195.38612052899077,194.14911681673016,194.5356903076172,63771900
2017-01-11,194.44979359470986,195.08547973632812,193.78833763321774,195.08547973632812,74650000
2017-01-12,194.57007063243853,194.7848278847922,193.2471717253465,194.59584045410156,72113200
2017-01-13,194.76761545137668,195.34316323147314,194.73326006337803,195.04251098632812,62717900
2017-01-17,194.40682528050235,194.81056990593012,193.96872526700736,194.35528564453125,61240800
2017-01-18,194.6043882147299,194.82774410273595,194.05461027983333,194.7847900390625,54793300
2017-01-19,194.86212305028965,194.9995708275679,193.63371794868652,194.063232421875,66608800
2017-01-20,194.74186135988379,195.26586954642843,194.1147738932784,194.77622985839844,129168600
2017-01-23,194.77624626741516,194.83637148326866,193.513472549322,194.2694091796875,75061600
2017-01-24,194.48416931476334,195.92734491726142,194.37250445288487,195.5150146484375,95555300
2017-01-25,196.45992651817147,197.20729064941406,196.29670891355826,197.20729064941406,84437700
2017-01-26,197.06123910305723,197.32754909240646,196.72621833139917,197.00111389160156,59970700
2017-01-27,197.07840913926478,197.22444247968724,196.5114469180428,196.6918487548828,59711100
2017-01-30,196.0046243681387,196.03039418675976,194.49273820882453,195.47203063964844,79737300
2017-01-31,194.98235027150696,195.51495703235008,194.41540123435126,195.45481872558594,75880800
2017-02-01,195.4548713204092,196.36543998180076,194.9480473458977,195.5321807861328,79117700
2017-02-02,195.53216379489243,195.9445071250719,194.84495112674284,195.66102600097656,69657600
2017-02-03,196.56300373030965,197.1900911716279,196.25375279485633,197.0096893310547,80563200
2017-02-06,196.60593106874376,197.00109011190023,196.32244997190676,196.657470703125,57790100
2017-02-07,197.04406675804452,197.2845938178819,196.47710449939572,196.6660919189453,57931200
2017-02-08,196.6661015444172,197.05266197323664,196.12490907942458,196.92381286621094,51566200
2017-02-09,196.92376135579661,198.39269322262254,196.92376135579661,198.092041015625,65955200
2017-02-10,198.4357249447494,199.09718103140023,198.10928968759166,198.8738250732422,66015900
2017-02-13,199.36342945848503,200.21387279157153,199.3376596400043,199.95616149902344,55182100
2017-02-14,199.7757734250125,200.7636645965486,199.4321670831036,200.75506591796875,71109000
2017-02-15,200.54031168469666,201.99207275035496,200.48877204341161,201.80308532714844,86785800
2017-02-16,201.82882907216322,202.00923090109555,200.88390518595364,201.63125610351562,84722400
2017-02-17,200.96983464832184,201.94912719726562,200.95265039792142,201.94912719726562,77204100
2017-02-21,202.31844398955266,203.32350600007214,202.30984531356245,203.15170288085938,88946100
2017-02-22,202.74801644472154,203.19470206113783,202.58479884698647,202.9713592529297,62115200
2017-02-23,203.48676997916627,203.50394111958892,202.35284553971434,203.10879516601562,74615900
2017-02-24,202.26697529423788,203.40947233612843,202.2240212224374,203.3665313720703,82381600
2017-02-27,203.2805968021621,203.85614458778943,203.03148419049145,203.68434143066406,56515400
2017-02-28,203.30633987769065,203.54686688757567,202.7479764135445,203.13453674316406,96961900
2017-03-01,204.7838862185403,206.44181870851824,204.76670197144094,205.97793579101562,149158200
2017-03-02,205.7889888304196,205.79758750952877,204.62930752428397,204.68084716796875,70246000
2017-03-03,204.59488940468017,204.97286417702512,204.21691463233526,204.8096466064453,81974300
2017-03-06,204.01939671842646,204.5519905280137,203.59846777061998,204.19979858398438,55391500
2017-03-07,203.89909466987922,204.25129965513565,203.38367210083368,203.58984375,65103700
2017-03-08,203.8818944499673,204.13960571430084,203.0744052720006,203.21185302734375,78168800
2017-03-09,203.33215670968812,203.79603969868805,202.50749623017578,203.4696044921875,90683900
2017-03-10,204.4230526125277,204.46600666735745,203.23758885945955,204.18252563476562,81991700
2017-03-13,204.12241170926148,204.32858333241956,203.79598969060137,204.28562927246094,57256800
2017-03-14,203.74447908258304,203.79603182983627,202.8940488151561,203.5039520263672,59880800
2017-03-15,204.07090396321794,205.68588249425696,203.83896248939536,205.26495361328125,96081800
2017-03-16,205.40242904816196,205.479738513935,204.53481445864313,204.86123657226562,78344000
2017-03-17,205.12261162580296,205.3124211944738,204.5014190673828,204.5014190673828,89002100
2017-03-20,204.50142929473685,204.786143661982,203.88887279092606,204.27711486816406,52537000
2017-03-21,204.88107751431994,205.00186424803397,201.52491773672975,201.65432739257812,131809300
2017-03-22,201.6888240080955,202.41354433347485,201.06763139640887,202.1288299560547,97569200
2017-03-23,202.12882322004916,203.04335309989824,201.54214864232134,201.9131317138672,100410300
2017-03-24,202.21512154769727,202.78453716514386,200.98999527263658,201.7664794921875,112504900
2017-03-27,200.1012802747071,201.8181890812903,199.8252020442398,201.55935668945312,87454500
2017-03-28,201.25743479982341,203.44885471585678,201.14527100359123,203.02610778808594,93483900
2017-03-29,202.7414467337934,203.4489082162788,202.51711908233818,203.21595764160156,61950400
2017-03-30,203.1554995811267,204.06140646283444,202.98294902384038,203.8629608154297,56737900
2017-03-31,203.52647553532935,204.05276327382643,203.3366659794935,203.38844299316406,73733100
2017-04-03,203.44021479709875,203.63864728059067,201.80958766893852,203.0347137451172,85546500
2017-04-04,202.75003001798098,203.25043592715895,202.370410834138,203.16415405273438,56466200
2017-04-05,203.83705517837214,204.81198480253676,202.35309686175927,202.56016540527344,108800600
2017-04-06,202.69827087803006,203.64730569496527,202.25825173889314,203.12965393066406,69135800
2017-04-07,202.87939020123548,203.61274646074912,202.43938434438482,202.9225311279297,74412300
2017-04-10,203.06063974628262,203.83712400832349,202.51709286399407,203.0433807373047,67615300
2017-04-11,202.66371210387564,202.90528551158658,201.31779935669644,202.8017578125,88045300
2017-04-12,202.52570138392045,202.71551096254174,201.68881728675328,201.9131317138672,81864400
2017-04-13,201.5766295339006,202.30998583366744,200.60169982910156,200.60169982910156,92880400
2017-04-17,201.1193993230347,202.37904357910156,200.92096681285324,202.37904357910156,68405400
2017-04-18,201.6456910607653,202.31002463439688,201.09352129125438,201.7751007080078,83225800
2017-04-19,202.3359486943594,202.7069318702114,201.17983189094747,201.40415954589844,68699900
2017-04-20,202.01668692176702,203.48339989525888,201.6974676618917,203.0433807373047,92572200
2017-04-21,202.96573006922685,203.01749393015078,201.99943622593705,202.39630126953125,110389800
2017-04-24,204.63083056216,204.82927621788227,202.37038788801016,204.62220764160156,119209900
2017-04-25,205.2606964055646,206.1579674025081,205.17441452528865,205.8128662109375,76698300
2017-04-26,205.7783306976484,206.65835577553025,205.64029813161565,205.6834259033203,84702500
2017-04-27,206.00267146917838,206.1579630526786,205.32107885777282,205.8560028076172,57410300
2017-04-28,206.11482527969187,206.14070721067284,205.2779410719303,205.40736389160156,63532800
2017-05-01,205.92506408691406,206.34782433360058,205.51093992909583,205.92506408691406,66882500
2017-05-02,206.06305707084547,206.1838438011308,205.5971691582496,206.00267028808594,57375700
2017-05-03,206.00265092996418,206.09755572089628,205.07948494864596,205.75244140625,73137700
2017-05-04,206.05441849762545,206.13206428303263,205.1485115069127,205.9940185546875,61462700
2017-05-05,206.36506291839916,206.822327980985,205.92504370230344,206.80506896972656,62001300
2017-05-08,206.84816885938804,206.99483751405242,206.34776295036298,206.77052307128906,48385700
2017-05-09,207.0293610564096,207.22779357510385,206.2356046521006,206.58071899414062,51363200
2017-05-10,206.53761233577927,206.9517364501953,206.33054369618714,206.9517364501953,54293800
2017-05-11,206.50306399394864,206.69287358241365,205.45048833601197,206.52894592285156,62358300
2017-05-12,206.2787732193799,206.5721105758289,205.916412985278,206.18386840820312,53912700
2017-05-15,206.60654982247365,207.44343379337386,206.58929081844894,207.32264709472656,61918900
2017-05-16,207.61605100245654,207.64193293442258,206.7446619084767,207.13290405273438,51241800
2017-05-17,207.13285198256173,207.13285198256173,203.3970738189677,203.4574737548828,172174100
2017-05-18,203.37983083234334,205.12262188422358,203.12099839259645,204.27711486816406,107047700
2017-05-19,204.7602820844805,206.27012277416677,204.70851822433954,205.6057891845703,115011400
2017-05-22,206.1148410157475,206.8136926998874,206.045831304374,206.64976501464844,61010600
2017-05-23,207.02072800972687,207.27093755697564,206.64110881029163,207.1070098876953,48341700
2017-05-24,207.33993731240122,207.6936613772002,207.0034459246956,207.5901336669922,46927700
2017-05-25,208.09921994258178,208.85845846652853,207.89216446497335,208.58236694335938,64071700
2017-05-26,208.39256375127272,208.7031601420506,208.31491794477046,208.53924560546875,46629900
2017-05-30,208.22000172705916,208.60824390308446,208.06471012255628,208.35804748535156,35201900
2017-05-31,208.65134506164196,208.68586307701707,207.6160284014036,208.30624389648438,91796000
2017-06-01,208.76350897391356,209.98001230359506,208.47879458836476,209.96275329589844,68962000
2017-06-02,210.01447038532018,210.81684950495756,209.72113314363025,210.6615447998047,88666100
2017-06-05,210.48902761450537,210.77374198177247,210.3078409572391,210.50628662109375,44698800
2017-06-06,209.94552467778522,210.49769452111272,209.75571505994446,209.8333740234375,50375400
2017-06-07,210.16982427585478,210.44590257830131,209.50549070204522,210.22158813476562,54144300
2017-06-08,210.3164655805347,210.79961242055987,209.79880072921395,210.32508850097656,65950700
2017-06-09,210.5925491930658,211.38629233108014,208.74623048480618,210.00587463378906,132256400
2017-06-12,209.76432078406708,210.01451715422266,209.11724622548317,209.96275329589844,86108100
2017-06-13,210.4976883950623,211.04123529985745,210.15258718981383,210.98947143554688,60067000
2017-06-14,211.25692619678506,211.26554911922136,209.9023769825641,210.72201538085938,78602300
2017-06-15,209.37605754936908,210.43726926369385,209.09997926055743,210.3164825439453,66464900
2017-06-16,210.4751833347845,210.52719963384294,209.4868339657722,210.3624725341797,84553100
2017-06-19,211.18611659787084,212.1744660688805,211.09074896343267,212.11378479003906,65123800
2017-06-20,211.75826411538486,211.7669290874146,210.66588233621394,210.68321228027344,56906400
2017-06-21,211.07335999027543,211.18605754202875,210.1630352304678,210.63119506835938,55977600
2017-06-22,210.63987344553215,211.1340414287775,210.36243559398292,210.53582763671875,44148100
2017-06-23,210.5965114980298,211.11668759998207,210.21504108588627,210.78724670410156,66986800
2017-06-26,211.45481868793817,211.8709754678572,210.7178991944742,210.92596435546875,56700500
2017-06-27,210.70920162196373,211.00398262121368,209.20934139883573,209.2266845703125,82247700
2017-06-28,210.24102638274587,211.29873487276166,210.00693988637508,211.09933471679688,70042600
2017-06-29,211.24677104550017,211.2987873400625,208.0389716674855,209.2440643310547,106949700
2017-06-30,210.0503599268905,210.42316544894348,209.4434810608396,209.63421630859375,86820700
2017-07-03,210.57054049202802,211.00402726792302,209.9896697998047,209.9896697998047,39153800
2017-07-05,210.3537524315126,210.6831933155326,209.54746032051654,210.47512817382812,54427600
2017-07-06,209.71221737814497,209.83359313782432,208.36840582021688,208.55047607421875,65400800
2017-07-07,209.12263763885127,210.05029220021748,208.5590970507469,209.9029083251953,57972300
2017-07-10,209.90294859248792,210.50116240696096,209.59950258460685,210.12835693359375,36663300
2017-07-11,210.12839998180763,210.2844621183646,208.8106095544968,209.97235107421875,50354600
2017-07-12,210.93467284651766,211.71494377022336,210.93467284651766,211.5502166748047,59610400
2017-07-13,211.55887080924606,212.01836569210465,211.3334492394899,211.90565490722656,39471600
2017-07-14,211.9056631814736,213.24947476430907,211.81029556646038,212.89401245117188,60262700
2017-07-17,212.8159951790256,213.19746565192824,212.69461941300807,212.86801147460938,33531900
2017-07-18,212.46047783519572,213.03268339637143,212.1223587724942,212.9806671142578,42742500
2017-07-19,213.29283890987202,214.14246929446003,213.2841607077344,214.13380432128906,51034300
2017-07-20,214.3851901038616,214.50656585569095,213.68294373763698,214.22914123535156,47135200
2017-07-21,213.6569511747282,214.0644297775078,213.43152959848751,214.03842163085938,82340800
2017-07-24,213.96038304344285,214.12511012415288,213.518231323352,213.9864044189453,46622300
2017-07-25,214.732015429794,214.83606125774938,214.28119868153416,214.50660705566406,54915600
2017-07-26,214.792650838959,214.8273239527601,214.2551315867777,214.5152130126953,47575400
2017-07-27,214.97476529204297,215.0094384129773,212.9980534456617,214.31585693359375,70766600
2017-07-28,213.83898579601097,214.19444806824973,213.38816914869605,214.0644073486328,50088400
2017-07-31,214.46323036159643,214.55859797571054,213.73497579688825,213.94305419921875,65838700
2017-08-01,214.54128238511666,214.57595550667546,213.89971719006266,214.41990661621094,55050400
2017-08-02,214.5499186673937,214.66262944807906,213.59624258997522,214.52391052246094,47211200
2017-08-03,214.41120560264687,214.4372137482906,213.83033496832851,214.10777282714844,40856000
2017-08-04,214.59329242240065,214.82736575126967,214.11645433383487,214.4979248046875,60191800
2017-08-07,214.56728756399264,214.896728515625,214.46324174282293,214.896728515625,31995000
2017-08-08,214.58455643506318,215.79832699082584,213.99502094174966,214.36781311035156,61719400
2017-08-09,213.68296885236728,214.41122344893725,213.32750652702967,214.3592071533203,62632600
2017-08-10,213.52690757642304,213.6569615449433,211.2814492803503,211.33346557617188,120479500
2017-08-11,211.55884892903143,212.23508711043007,211.32476241117377,211.64553833007812,74869900
2017-08-14,212.92003012032828,213.96039573038553,212.88535699921184,213.74365234375,73291900
2017-08-15,214.1251452939348,214.14248847079645,213.41423379022052,213.71766662597656,55242700
2017-08-16,214.237807481442,214.63662108494745,213.66560183557257,214.09042358398438,56715500
2017-08-17,213.4835376608138,213.7956486181864,210.7525634765625,210.7525634765625,128490400
2017-08-18,210.58784005945023,211.7062431881432,209.98096130653698,210.42312622070312,136748000
2017-08-21,210.36242127252945,210.8479242507227,209.66017494843106,210.58782958984375,65469700
2017-08-22,211.16871153000784,212.94599636753395,211.15136835837896,212.78994750976562,63140100
2017-08-23,211.8276231274505,212.45184506535176,211.68023922946892,212.0270233154297,50203800
2017-08-24,212.4085212195599,212.5645701097356,211.32480427456215,211.5328826904297,50741700
2017-08-25,212.3217911113928,212.9373480772828,211.87963941744812,212.0270233154297,64445900
2017-08-28,212.55591229772836,212.5819204469672,211.61957923822874,212.03573608398438,40565600
2017-08-29,210.72658288232782,212.53855437473308,210.61387209080198,212.27847290039062,51135700
2017-08-30,212.2611267744893,213.5529220712823,212.07905651601493,213.28414916992188,62030800
2017-08-31,213.89973312535645,214.81005807445086,213.3188623859644,214.5673065185547,103803900
2017-09-01,214.94005648507263,215.29551877510065,214.72331312222116,214.87069702148438,62007000
2017-09-05,214.36783428767083,214.59325583417635,212.3651278861229,213.3274688720703,91398800
2017-09-06,214.003739320956,214.38520978428556,213.4748849475156,214.05575561523438,57916900
2017-09-07,214.35922410103743,214.37656727726971,213.6222912442902,214.02976989746094,58034700
2017-09-08,213.74367973433934,214.23786106910006,213.53561452304487,213.7783660888672,63832800
2017-09-11,215.044085856404,216.13648085540885,215.02675591248934,216.05845642089844,71364800
2017-09-12,216.4225396874498,216.82133997986364,216.24046948163505,216.7866668701172,56896000
2017-09-13,216.50056596837175,216.92538763295227,216.38785521004252,216.8907012939453,59228000
2017-09-14,216.56996414280775,217.0207940277763,216.3965721036551,216.82138061523438,95446300
2017-09-15,216.67764322455182,217.20040087831916,216.57309435272185,217.11328125,95432400
2017-09-18,217.47923233742642,217.92357837152673,217.19170962314323,217.5750732421875,46235200
2017-09-19,217.81902967604634,217.8800253857725,217.47052454641207,217.7928924560547,47108100
2017-09-20,217.87998286472055,217.98453172428358,216.87800754698327,217.8712615966797,59574100
2017-09-21,217.71449725517525,217.80161689686076,217.11331456068132,217.28756713867188,48211400
2017-09-22,216.99128810055586,217.49662977041757,216.96515088440927,217.33108520507812,51214000
2017-09-25,217.0784005251304,217.42691888655668,216.1461421593744,216.88671875,57064400
2017-09-26,217.3137173019524,217.55767358459096,216.78223826592833,217.01748657226562,54082000
2017-09-27,217.71441826705015,218.2458970786002,216.83442113134413,217.86253356933594,81001400
2017-09-28,217.58377743703832,218.20238931967907,217.49665780352635,218.1239776611328,44778800
2017-09-29,218.1152660598397,218.96912625058613,217.9323055151218,218.8907012939453,85578000
2017-10-02,219.11721709572956,219.8403778076172,218.9429512512324,219.8403778076172,59023000
2017-10-03,219.84036885580198,220.33698926746806,219.76194391112475,220.31085205078125,66810200
2017-10-04,220.16274955476476,220.81620659924897,220.04947941277652,220.57225036621094,55953600
2017-10-05,220.903327417392,221.89658159856938,220.60709674633964,221.87916564941406,63522800
2017-10-06,221.4347983118458,221.91400278857896,221.1734261378252,221.62648010253906,80646000
2017-10-09,221.85306433220842,221.9140467533558,220.99920407918685,221.26058959960938,35803100
2017-10-10,221.82686811027568,222.21893963932018,221.28666796651436,221.8442840576172,43057400
2017-10-11,221.74851170150012,222.19287109375,221.58298038289962,222.19287109375,47674300
2017-10-12,221.8791540963811,222.22765918598844,221.62647660599134,221.86172485351562,47065100
2017-10-13,222.29738052132967,222.41065066702748,221.86174247740652,222.1318359375,54800400
2017-10-16,222.35839493352228,222.6197671461682,222.01859776246346,222.42808532714844,38221700
2017-10-17,222.37577361386636,222.62845110323354,222.15795461008904,222.5848846435547,31561000
2017-10-18,222.95955769793173,223.00312416361902,222.61105256167096,222.802734375,40888300
2017-10-19,222.02730608387463,222.89858224636933,221.60909724837057,222.8637237548828,61903800
2017-10-20,223.65653319123524,224.03989671270338,222.84623969456575,224.01373291015625,89176400
2017-10-23,224.33614170272267,224.36227891771452,223.06405966850102,223.14247131347656,63915300
2017-10-24,223.56941964107733,223.76979609744606,223.1773348181456,223.53456115722656,66935900
2017-10-25,223.203520578776,223.31679073400198,221.30414492891353,222.42808532714844,103715300
2017-10-26,223.03792678393265,223.30800689645486,222.59356755769872,222.71554565429688,69798000
2017-10-27,223.4561406288865,224.69336415870453,222.72427203250467,224.53651428222656,85562500
2017-10-30,223.45620852200625,224.44075488424275,223.40393407704144,223.70016479492188,54285700
2017-10-31,224.074736457397,224.3012767069032,223.75236861878045,224.04859924316406,60304800
2017-11-01,224.82414284305685,225.1639267720579,223.979003772449,224.3449249267578,54202700
2017-11-02,224.27516827162728,224.5713989340232,223.2122104410375,224.43199157714844,56449500
2017-11-03,224.58878657471539,225.22482757480614,224.17928582464648,225.1812744140625,59589700
2017-11-06,225.0505674298265,225.66047123100844,224.9808770530326,225.52978515625,49652600
2017-11-07,225.6343427406781,225.96543186902304,224.86761562013888,225.3729705810547,57502200
2017-11-08,225.19868386918432,225.8521407968905,224.9198691986144,225.75628662109375,50469600
2017-11-09,224.55402952492625,225.12907502025172,223.3603587697755,224.93739318847656,95085500
2017-11-10,224.55396815576478,225.04188057798726,224.240294976203,224.86761474609375,59984700
2017-11-13,224.18804442702557,225.30327673794346,224.15318593908685,225.0767364501953,50228600
2017-11-14,224.27521659824205,224.65858026494584,223.49976799401475,224.5540313720703,61315200
2017-11-15,223.58684649448855,224.1096174208197,222.72429174904417,223.43002319335938,80811500
2017-11-16,224.37096738216056,225.69532380968525,224.32741422145776,225.32937622070312,67777000
2017-11-17,224.980924822167,225.30329273809534,224.5888399254102,224.66725158691406,75756800
2017-11-20,224.9112021225821,225.24226467162944,224.66721931396768,225.0505828857422,48075500
2017-11-21,225.81729412101691,226.70601260626515,225.0157351377626,226.5230255126953,69176800
2017-11-22,226.53177535792597,226.66246144893927,226.15713303394276,226.3226776123047,45033400
2017-11-24,226.8105660547947,226.9499734001881,226.67115870940125,226.84539794921875,27856500
2017-11-27,226.88897050442807,227.18520113303086,226.53174417866933,226.73214721679688,52274900
2017-11-28,227.19395365237457,229.0584705922239,227.0980994594827,229.03233337402344,98971700
2017-11-29,229.1630530855019,229.69454538586697,228.4486268201305,228.89295959472656,77512100
2017-11-30,229.80781638359073,231.80301971444402,229.72940471719923,230.89691162109375,127894400
2017-12-01,230.67897069391813,231.15816170954227,227.1938677752693,230.41757202148438,164390900
2017-12-04,232.02952439117243,232.4564411501399,230.08656921379136,230.1388702392578,94040600
2017-12-05,229.3111114501953,231.01880480795086,229.1804253800767,229.3111114501953,77994500
2017-12-06,229.40690393665042,229.78157273263642,228.892854413352,229.35462951660156,75898600
2017-12-07,230.077880859375,230.39152748538592,229.0933346345588,230.077880859375,77218600
2017-12-08,231.02758282536652,231.34122947069542,230.0430365399105,231.33253479003906,76563900
2017-12-11,232.02952575683594,232.0905214625432,231.30637832522305,232.02952575683594,83077500
2017-12-12,232.8136834861178,232.9095376852706,232.06439878927281,232.4390411376953,85195800
2017-12-13,232.6829351934743,233.11857313498672,232.32570889072653,232.412841796875,102905400
2017-12-14,232.70902211007206,232.82229220466053,231.41082983350205,231.46310424804688,100666700
2017-12-15,232.46243006770646,233.85483690706474,232.40988843038323,233.3907012939453,144610300
2017-12-18,234.78307295431878,235.22093768316861,234.67798969541755,234.8706512451172,83653600
2017-12-19,235.11590793630995,235.1596837291014,233.89863088498865,233.9687042236328,82382900
2017-12-20,234.93193480685355,234.98447643693277,233.54829400619622,233.84603881835938,76751500
2017-12-21,234.4677871510185,235.03703265605478,234.08246406690523,234.32766723632812,67032300
2017-12-22,234.34521564491334,234.3802523073704,233.73219431505825,234.2664031982422,78720900
2017-12-26,233.8635910762803,234.20513846600218,233.72349785116904,233.9862060546875,45244400
2017-12-27,234.15253247098977,234.45904310761873,233.8285168673199,234.09999084472656,57751000
2017-12-28,234.59922725362227,234.62549807394694,234.2139040720954,234.58169555664062,45116100
2017-12-29,235.1596234661862,235.17712843378723,233.50450873565194,233.6971435546875,96007400
2018-01-02,234.55543559516968,235.40489445852347,234.1701123958041,235.36985778808594,86655700
2018-01-03,235.5361606252966,237.00740625772147,235.5361606252966,236.8585205078125,90070400
2018-01-04,237.49786222367834,238.33855510004886,236.9198775195659,237.8568878173828,80636400
2018-01-05,238.64506898392446,239.56457432430008,238.15466257237145,239.44198608398438,83524000
2018-01-08,239.3456281426395,240.037461932517,239.05664916593514,239.8798370361328,57319200
2018-01-09,240.30017556615664,241.0445510051159,240.0199357049953,240.42279052734375,57254000
2018-01-10,239.66969998396797,240.3177581407534,239.00416357923262,240.05502319335938,69574300
2018-01-11,240.6066666712718,241.80641174316406,240.4402759375642,241.80641174316406,62361500
2018-01-12,242.0691724071142,243.5491307499253,241.77140084390925,243.3827667236328,90816100
2018-01-16,244.63508312865815,245.28311451775946,241.85900837845608,242.55084228515625,106555100
2018-01-17,243.47906062865408,245.24802451632235,242.5507895393176,244.86270141601562,113258800
2018-01-18,244.74885562066106,245.16918861704332,243.96067780216504,244.45111083984375,100728000
2018-01-19,245.02903892916953,245.56324768066406,244.4510811293886,245.56324768066406,140920100
2018-01-22,245.35315351126408,247.5599822998047,245.30058515247438,247.5599822998047,91322400
2018-01-23,247.60373620966402,248.37438240190056,247.2797205890968,248.0854034423828,97084700
2018-01-24,248.7247455001078,249.32026202093385,246.8156611241849,247.9891357421875,134816100
2018-01-25,248.84733388077214,248.94365131161933,247.30604118603847,248.0941925048828,84587300
2018-01-26,248.9260844533389,251.01032472232163,248.67211544174552,250.96652221679688,107743100
2018-01-29,250.3973812172114,250.83524605761158,249.14509418770263,249.30271911621094,90118300
2018-01-30,247.48118459117052,249.35523199482623,246.27267349504925,246.74557495117188,131796400
2018-01-31,247.59500397492036,248.09414946433438,245.79974251690325,246.86813354492188,108364800
2018-02-01,246.14128677161807,247.88397985230313,245.7997394527131,246.587890625,90102500
2018-02-02,245.2742700591547,245.40565084469588,241.18462886952346,241.21966552734375,173174800
2018-02-05,239.46823297604135,241.56997834773023,230.58832336984216,231.1312713623047,294681800
2018-02-06,227.63716219013648,236.18429193210724,226.55126600084088,235.68511962890625,355026800
2018-02-07,235.13344490732027,238.51374901534516,234.3277617541576,234.40660095214844,167376100
2018-02-08,234.7042891940019,234.84440913137536,225.5791753705031,225.6142120361328,246449500
2018-02-09,228.39024403777478,230.85104180691516,221.48950463024647,229.00326538085938,283565300
2018-02-12,231.04369827517536,233.82853834866464,229.1433802587504,232.36605834960938,143736000
2018-02-13,231.16631621198863,233.48699403220186,230.58833153740176,232.9440460205078,81223600
2018-02-14,231.46408524613523,236.4469887394335,231.4553193982092,236.0879364013672,120735700
2018-02-15,237.82183018275933,239.10915341894105,235.36977192448305,239.1003875732422,111200300
2018-02-16,238.4786793423682,241.10586801299468,238.43487682943731,239.1704864501953,160420100
2018-02-20,238.22464159420986,239.66085048141517,236.88477682755487,237.6729278564453,86369700
2018-02-21,238.1108735420492,240.58043743479553,236.39445100442575,236.4907684326172,98883700
2018-02-22,237.41024722618403,239.1179035321851,236.13168977692354,236.79722595214844,110511300
2018-02-23,238.01452487737137,240.57164001464844,237.54162347110773,240.57164001464844,92766400
2018-02-26,241.64003095764554,243.46156325686482,241.0533071673779,243.36521911621094,86491400
2018-02-27,243.5490938363365,244.2584592468746,240.26510854277814,240.326416015625,99099200
2018-02-28,241.42114191195762,241.86777258257086,237.5767026707905,237.89195251464844,121907800
2018-03-01,237.68178022943695,239.22307291824933,232.94407976111245,234.43283081054688,176855100
2018-03-02,232.76894973995334,236.20182201401437,231.91075171530076,235.64134216308594,139083200
2018-03-05,234.4590761754729,238.97784374741312,234.3539661829814,238.3648223876953,97307400
2018-03-06,239.33687714106907,239.41571631929486,237.4803347570045,238.96908569335938,79213200
2018-03-07,236.81474600004586,239.23174086779548,236.62208447126284,238.88145446777344,87063500
2018-03-08,239.55577784083428,240.16003329299775,238.56622602184905,240.03744506835938,66901200
2018-03-09,241.43858316074133,244.21463012695312,241.12330670984502,244.21463012695312,113625300
2018-03-12,244.50371957523032,245.12548011979828,243.52287995579383,243.908203125,71924800
2018-03-13,245.06413511198616,245.5633073309155,241.72760792254118,242.3318634033203,91968900
2018-03-14,243.28640744271272,243.47030315254528,240.536630741596,241.08831787109375,105895100
2018-03-15,241.59626882680436,242.23553428441284,240.32645030871032,240.82562255859375,83433000
2018-03-16,241.35052180381805,242.13305550077044,241.03400940876764,241.08676147460938,100343700
2018-03-19,240.33943026198475,241.2626183443314,236.18062974907556,237.82479858398438,109208400
2018-03-20,238.22044709160454,238.86229968619318,237.55221846338517,238.229248046875,59757300
2018-03-21,238.18523026091694,240.26901706572676,237.56097968128907,237.77198791503906,78709600
2018-03-22,235.55635543832057,236.40041532902674,231.55581154014723,231.82839965820312,148785900
2018-03-23,232.2680532723436,232.59336667364272,226.69366700379408,226.88710021972656,183534800
2018-03-26,230.47440379867055,233.37587522490952,228.08287803665996,233.09451293945312,141956100
2018-03-27,234.0264597984559,234.55398038777494,227.58163933311803,229.1291046142578,129941400
2018-03-28,229.2610736337766,230.92284463084025,227.35311732220578,228.45216369628906,146452300
2018-03-29,229.5863657478309,233.22641988022696,228.46094343856447,231.3712158203125,111601600
2018-04-02,230.84364808375824,231.35362053546535,223.91527011290827,226.37713623046875,186286300
2018-04-03,227.60803509251616,229.75337511563475,225.82318539146522,229.27857971191406,119956900
2018-04-04,225.7440730783455,232.43505297835821,225.61219291036392,231.73167419433594,123715300
2018-04-05,233.48134616595655,234.43973799149228,232.399901960335,233.5605010986328,82652600
2018-04-06,231.60857948692498,233.0944650563523,226.84310402261673,228.3553924560547,179521200
2018-04-09,229.8061636069654,232.85711698010886,228.54886117383796,229.48085021972656,105442900
2018-04-10,232.35590597309297,233.91217232519995,231.22170978854876,233.129638671875,103529000
2018-04-11,231.65254552602107,233.56050139208276,231.58221838066342,231.90753173828125,91140200
2018-04-12,233.22635607287972,234.7562194786914,233.05049798459416,233.8154296875,68890500
2018-04-13,235.11672248173076,235.23102756207518,232.12732264458262,233.129638671875,85079200
2018-04-16,234.75623511036522,235.81133004597996,233.93855129296216,235.04637145996094,63405300
2018-04-17,236.80486221155488,238.15889454908293,236.2949166162728,237.56101989746094,64682000
2018-04-18,238.00059195045975,238.53691347487367,237.2796113940758,237.73683166503906,57303900
2018-04-19,237.0862469045913,237.28848107010103,235.3893259685204,236.4180450439453,77655900
2018-04-20,236.347646548934,236.5674557531075,233.53407800264196,234.41331481933594,99953100
2018-04-23,234.98486470021984,235.53878824560172,233.30551898549322,234.37818908691406,65558000
2018-04-24,235.3981317325626,235.61794098262143,229.7270423481719,231.2217559814453,112885500
2018-04-25,231.16014607414323,232.2328160237843,229.3489204458902,231.79319763183594,103840900
2018-04-26,232.81310593589532,234.97602082222247,232.37348756204645,234.1495361328125,67731900
2018-04-27,234.7562511462982,235.0551884709674,233.4373958027797,234.369384765625,57053600
2018-04-30,234.98487240228866,235.53879596582644,232.49661684420343,232.5669708251953,82182300
2018-05-01,232.00422721914586,233.085698222423,230.4567617508169,232.98019409179688,74203400
2018-05-02,232.786845286423,233.5957284692053,231.0283709194482,231.4152374267578,86368900
2018-05-03,230.58866949186387,231.5558085805169,227.7662998275908,230.90518188476562,136311500
2018-05-04,229.93805620593548,234.57165248189582,229.61274280112596,233.89462280273438,91222100
2018-05-07,234.65952179650694,235.6530368387894,233.973691335472,234.68589782714844,55304900
2018-05-08,234.31660656598947,235.0463613018567,233.12963152276564,234.68589782714844,67499200
2018-05-09,235.3541584090988,237.27968962403472,234.83541178862617,236.95437622070312,59666100
2018-05-10,237.69293219499104,239.49538418096458,237.58742804599444,239.1700439453125,72063900
2018-05-11,239.2931046993908,240.16354059598854,238.78313229955305,239.8997802734375,59871500
2018-05-14,240.33064208412807,240.9812688879109,239.4689801511902,240.01412963867188,54790600
2018-05-15,238.791916684162,238.80949176038607,237.4203094377163,238.36109924316406,87036100
2018-05-16,238.39626436474398,239.82062360116055,238.36986150345558,239.3634033203125,53942600
2018-05-17,239.09964083623336,240.23386374201183,238.387461224557,239.16119384765625,56536400
2018-05-18,238.81824907508417,239.17873931313562,238.21157365399418,238.56326293945312,64368000
2018-05-21,240.04040602090762,240.89326664333768,239.65353974894924,240.35691833496094,58025900
2018-05-22,240.87571103208705,241.13069722219612,239.36342263255682,239.68873596191406,52966400
2018-05-23,238.422640738913,240.37454739257663,238.264357731834,240.34814453125,64694200
2018-05-24,239.9525191856566,240.22508044807947,238.07974050165714,239.8557891845703,76043800
2018-05-25,239.2843475341797,239.90859829990939,238.78317599743784,239.2843475341797,56374800
2018-05-29,237.666495314586,238.42265290912437,235.42445222582273,236.5322723388672,115908600
2018-05-30,237.83355915625907,240.1283543707057,237.76323201701084,239.68873596191406,69678400
2018-05-31,239.28432817016724,239.58326551029967,237.62258430411012,238.220458984375,93519900
2018-06-01,239.51292531080648,240.85815668419576,239.44257133332516,240.55921936035156,71258400
2018-06-04,241.37694183963492,241.95724150186234,241.13955750007207,241.70225524902344,45385200
2018-06-05,241.83411958605708,242.2561629942454,241.06918770986454,241.8780975341797,51135000
2018-06-06,242.4847102697016,244.00577267131052,241.86923381316572,243.9002685546875,62732200
2018-06-07,244.3838890162866,244.67402536567218,242.96830375923162,243.87391662597656,72969400
2018-06-08,243.41679621039611,244.64772278248697,243.2497390150209,244.594970703125,72139700
2018-06-11,244.81466190778394,245.63234557572605,244.70035684689816,244.920166015625,58892500
2018-06-12,245.33345854568515,245.59721886927935,244.59490280744205,245.23675537109375,72329000
2018-06-13,245.4741262899927,245.7291124770295,244.2519742488318,244.45420837402344,79070600
2018-06-14,245.31584157611084,245.5971769291751,244.48055597373684,245.0696563720703,77097600
2018-06-15,244.28896261504903,245.09266415404826,243.18498142730266,244.75704956054688,120041600
2018-06-18,243.30863241102696,244.37730569060352,242.8317319063907,244.25364685058594,52917600
2018-06-19,241.99268165214522,243.53825534882864,241.5775836383579,243.3174591064453,97531500
2018-06-20,243.99750391616027,244.3949479369149,243.39694460038282,243.73255920410156,53785500
2018-06-21,243.72376089800395,243.74144185031133,241.71009987995905,242.20468139648438,71061400
2018-06-22,243.45870575068088,243.573524077933,242.42536775807065,242.6461639404297,54898500
2018-06-25,241.4980978503294,241.65706467464207,237.66507835457156,239.34312438964844,137854200
2018-06-26,239.90835129900807,240.72086628684778,239.15763876811513,239.87301635742188,68547400
2018-06-27,240.4559510401618,241.87786591926562,237.7357262109778,237.88587951660156,105110700
2018-06-28,237.83290077950338,240.0055283746205,237.1263365942884,239.24600219726562,76650500
2018-06-29,240.33232635511777,241.69243896297095,239.47563572553543,239.5904541015625,97592500
2018-07-02,238.02719794520482,240.2616549168198,237.78872074552748,240.1026611328125,63554800
2018-07-03,240.99471275277978,241.0918771286959,238.83092543990298,239.2548370361328,42187100
2018-07-05,240.37646544509775,241.26846393810172,239.3077922241397,241.20663452148438,56925900
2018-07-06,241.2331351716857,243.6177182167267,240.85334518278881,243.24679565429688,66493700
2018-07-09,244.24481332940113,245.49010747674166,244.2006648582338,245.43711853027344,50550400
2018-07-10,245.8876061332174,246.41752266824903,245.5961399102464,246.3203582763672,51966800
2018-07-11,244.7747011260493,245.56074866119906,244.21829030052362,244.51856994628906,77054700
2018-07-12,245.77274409044392,246.78840154648117,245.1721847019817,246.73541259765625,60124700
2018-07-13,246.55871919101975,247.2299213294926,246.10828630589913,246.9296417236328,48216000
2018-07-16,246.9738797670635,247.11516565639909,246.26731555704208,246.7089080810547,48201000
2018-07-17,245.94050880020612,248.0954821879413,245.8875198605622,247.70687866210938,52315500
2018-07-18,247.78643474875258,248.3340052541217,247.34484215375514,248.22802734375,44593500
2018-07-19,247.56562483723806,247.94538797941058,246.81491207649066,247.29183959960938,61412100
2018-07-20,247.0886386829849,247.71571939052308,246.85018845434266,247.0091552734375,82337700
2018-07-23,246.80602564624027,247.6715295794587,246.46157060555356,247.46841430664062,47047600
2018-07-24,248.8726015036321,249.55264395776754,247.84810411057822,248.71360778808594,68026900
2018-07-25,248.46637245588386,251.15126184359085,248.4222239961432,250.8333282470703,78882900
2018-07-26,250.11802154849315,250.9216962404491,250.0208571758155,250.2416534423828,57919500
2018-07-27,250.56835700469614,250.66552134999688,247.62736342184445,248.54588317871094,76768700
2018-07-30,248.62540123873816,248.78436805939725,246.72653205442597,247.2476348876953,63742500
2018-07-31,248.00719938564396,249.0758457823659,247.62743627106826,248.46644592285156,68570500
2018-08-01,248.66955556162895,249.1729774582386,247.4066075355376,248.0513153076172,53853300
2018-08-02,246.7530483824733,249.57038348820197,246.54990614738182,249.40260314941406,63426400
2018-08-03,249.52628369791557,250.52428716723554,249.34963589792847,250.47129821777344,53935400
2018-08-06,250.5065551706273,251.69883311496747,250.11795169378726,251.38973999023438,39400900
2018-08-07,252.05211409955874,252.59968434377706,251.91961482211352,252.2198944091797,43196600
2018-08-08,252.05216543312807,252.51141190346755,251.6547214251683,252.1139678955078,42114600
2018-08-09,252.17584989951115,252.5644535141711,251.63711990576564,251.76959228515625,35717000
2018-08-10,250.3388033202759,250.877533242226,249.37610793543428,250.08267211914062,77076000
2018-08-13,250.35647413214605,250.96587398972937,248.85504872451506,249.14651489257812,65732900
2018-08-14,249.87070203910213,250.97468324483137,249.48209849847217,250.7362060546875,43842000
2018-08-15,249.393792750599,249.5351055895304,247.43312090851205,248.86387634277344,102925400
2018-08-16,250.29459716866356,251.74303335293288,250.25926222564948,250.87750244140625,69967900
2018-08-17,250.6743692338246,252.20228888038022,250.26811170886324,251.7606964111328,65618500
2018-08-20,252.21109934390057,252.56436788672985,251.76066645401252,252.29942321777344,39807500
2018-08-21,252.81173666753028,253.7479107239545,252.33480916340102,252.89122009277344,67272000
2018-08-22,252.48489667123744,253.262103674568,252.21992503683106,252.74102783203125,44993300
2018-08-23,252.56445391606854,253.42114457438598,252.0875263968322,252.40548706054688,49204900
2018-08-24,252.97950040100943,254.06582759747945,252.9265114599783,253.9245147705078,57487400
2018-08-27,255.1168097360859,256.03532969569824,254.95784290249944,255.92935180664062,57072400
2018-08-28,256.3886578106999,256.4946626770259,255.59379650563497,256.0530700683594,46943500
2018-08-29,256.2649754069763,257.66039591626367,256.0265251482379,257.4307861328125,61485500
2018-08-30,256.95380104294685,257.32472358447484,255.79683105183867,256.3885498046875,61229500
2018-08-31,255.98224099503003,256.8389312012845,255.49650020858618,256.3973388671875,66140800
2018-09-04,255.98232027580926,256.30909439182176,254.95782250908616,255.95582580566406,57594400
2018-09-05,255.602521281376,255.80566349237063,254.26009006165867,255.26690673828125,72452400
2018-09-06,255.37303259535523,255.67331237301806,253.47418952775593,254.49868774414062,65909900
2018-09-07,253.4564578962428,254.97553727559858,253.2179806806409,254.0040283203125,73524800
2018-09-10,255.01084209101677,255.27581377697265,254.25131588714777,254.44561767578125,50210900
2018-09-11,253.8009081505276,255.72624527784026,253.45647996297086,255.28465270996094,50530500
2018-09-12,255.29349237147946,255.9470407450004,254.56046057031446,255.3464813232422,59810800
2018-09-13,256.40634434545655,257.04223879388354,256.1237186011169,256.85675048828125,51034200
2018-09-14,257.0598457510956,257.2453070700821,256.12367172789,256.90087890625,55079900
2018-09-17,256.84798714555455,256.8832951559895,255.26707771650015,255.54086303710938,68244000
2018-09-18,255.75262581060497,257.51899529516726,255.7261313464429,256.9272766113281,61930400
2018-09-19,256.9803451034907,257.6162393929191,256.8566862640088,257.2011413574219,49080600
2018-09-20,258.4553530947828,259.60348317690534,257.2188721415115,259.2855224609375,100360600
2018-09-21,260.0244601740495,260.1397982950898,258.8888670259763,259.0485534667969,105479700
2018-09-24,258.4718627895413,258.61381530247604,257.61129429371255,258.1879577636719,53409600
2018-09-25,258.6404880631462,258.7469457031988,257.7089566380067,257.948486328125,44370000
2018-09-26,258.09037198021355,259.27031328454706,256.75959767511273,257.17657470703125,79739700
2018-09-27,257.64679250455623,258.9775668714285,257.3717679680432,257.89520263671875,59249500
2018-09-28,257.27428246426297,258.41875652869294,257.23881462521484,257.92193603515625,70091400
2018-10-01,259.15503895977173,259.8825355901914,258.1525448125983,258.81793212890625,62078900
2018-10-02,258.6670837402344,259.3768193389714,258.29448202703463,258.6670837402344,47258200
2018-10-03,259.713968516545,260.1309456508911,258.45418369340865,258.8090515136719,64694600
2018-10-04,258.32997537119405,258.3832041926231,255.2071005237411,256.7862854003906,111545900
2018-10-05,257.00802678106885,257.52258097086235,253.92950091153634,255.3489990234375,105951700
2018-10-08,254.66585083523077,255.70386678274414,253.29072811491454,255.3489990234375,87742200
2018-10-09,254.96746494260037,256.27159760070316,254.41738889180576,254.976318359375,74339000
2018-10-10,254.4707478597282,254.5417376782525,246.53047438601243,246.903076171875,214731000
2018-10-11,245.8206752119577,247.43535491100366,239.85880384790093,241.46463012695312,274840500
2018-10-12,245.54566110620283,245.82956620105847,241.64206081331795,244.8181915283203,183186500
2018-10-15,244.46329409768276,245.7852153367795,243.3543152148686,243.4430389404297,102263700
2018-10-16,245.39479853263305,249.1387114990498,244.92459267291434,248.76608276367188,118255800
2018-10-17,248.80168163707458,249.43157418604608,246.2465894543306,248.81056213378906,110626000
2018-10-18,247.8789411434179,248.47336570550362,243.94872669197238,245.21739196777344,134557500
2018-10-19,245.8649842627043,247.79015585962867,244.39225750244916,245.08425903320312,139901600
2018-10-22,245.74963119462092,246.06900400105394,243.4518310327724,243.98414611816406,82415800
2018-10-23,240.38227374282013,243.86001636147097,238.30624144610618,242.74215698242188,146352700
2018-10-24,242.4937701342191,242.87527948381728,234.83740192438106,235.387451171875,177806700
2018-10-25,237.215004131383,241.14521847687237,236.19474905649375,239.61038208007812,138061500
2018-10-26,235.91974787880403,240.42662622883205,232.6992688117605,235.3962860107422,201574600
2018-10-29,238.47480394347747,239.76123025482744,230.53453152674683,234.0921173095703,160749100
2018-10-30,233.92359067943056,237.87153941171934,233.43562370711567,237.56101989746094,157116000
2018-10-31,240.11603102911778,242.40497792574146,239.64582520534188,240.09829711914062,128296300
2018-11-01,240.95896498101592,242.84866954814837,239.87660038304108,242.6534881591797,99495000
2018-11-02,243.75357845494347,244.17943612779212,239.17571000187786,241.21624755859375,122634100
2018-11-05,241.70410148500733,243.09698507854932,240.73707541280464,242.54693603515625,65622500
2018-11-06,242.48494430471425,244.24154989824382,242.4228349762377,244.0818634033203,60085900
2018-11-07,246.24647451291105,249.38710944445793,245.82061698967118,249.30726623535156,102752100
2018-11-08,248.50884399519248,249.4936313104688,247.71926511867957,248.8548583984375,65584900
2018-11-09,247.55063216223044,247.73693298178634,245.02215559814047,246.42391967773438,98812600
2018-11-12,245.91823881720697,246.15776846170135,241.30487674599945,241.8194580078125,99673600
2018-11-13,242.28077116684062,244.26805216822555,240.64835790503545,241.36697387695312,98176600
2018-11-14,243.2300950162858,243.62931112227972,238.1642876570456,239.71685791015625,125335900
2018-11-15,238.4570567918774,242.68005673296886,236.88675255543484,242.2187042236328,135101400
2018-11-16,241.12749548140937,243.75354980191392,240.61291413620395,242.8486328125,126668000
2018-11-19,242.24527718983254,242.53806270523495,237.82712372715233,238.7409210205078,103061700
2018-11-20,235.42283675811683,236.8778296815921,233.4621701682525,234.32273864746094,136021300
2018-11-21,235.86646155700558,237.01093521845814,235.11237765980002,235.12123107910156,75563700
2018-11-23,233.4888397822827,234.9438330498042,233.3912626379554,233.5509490966797,42807900
2018-11-26,235.7954858771656,237.5432373902508,235.40512320903764,237.32144165039062,79981400
2018-11-27,236.29232395519756,238.1199188232422,235.68904599528867,238.1199188232422,75502400
2018-11-28,239.18453772119085,243.60269165039062,238.05779800456682,243.60269165039062,127629600
2018-11-29,242.83081683141555,244.4632300704117,241.69522383582375,243.07037353515625,82346400
2018-11-30,242.91955807864937,245.11090101841376,242.60018521682522,244.55197143554688,98204200
2018-12-03,248.65964070422206,248.76609832822683,246.20215363452692,247.79019165039062,103176300
2018-12-04,246.9651842740236,247.39104195901646,239.45074144985517,239.76126098632812,177986000
2018-12-06,235.91974876320864,239.51282959339935,232.8323417380475,239.39749145507812,204185400
2018-12-07,239.06033286080262,240.62178366519305,233.00088464890422,233.8348388671875,161018900
2018-12-10,233.657372960395,235.2454380472968,229.4432538802468,234.27841186523438,151445900
2018-12-11,237.46342014543708,237.64972100638724,232.86781841081208,234.3316650390625,121504400
2018-12-12,237.29478171475105,238.65217029926563,235.43169244246215,235.51153564453125,97976700
2018-12-13,236.45197181768043,237.31254029567572,234.32273831713044,235.4317169189453,96662700
2018-12-14,233.29365668777106,234.24294908760876,230.53453028646314,231.08457946777344,116961100
2018-12-17,230.13525384256258,231.2442325398327,224.92749421213006,226.55104064941406,165492300
2018-12-18,228.18346461499536,228.84885182471092,224.7056955526917,226.30262756347656,134515100
2018-12-19,226.38246266332683,230.13524260112197,221.21906514046967,222.91357421875,214992800
2018-12-20,221.67152791499083,223.23296500175658,217.04929888317656,219.28500366210938,252053400
2018-12-21,220.18189351527593,222.83221562745248,214.14950429082847,214.79200744628906,255345600
2018-12-24,213.31065410867478,214.91691180258488,209.05408824030314,209.11654663085938,147311600
2018-12-26,210.57110150476595,219.68212890625,208.5989713794765,219.68212890625,218485400
2018-12-27,216.46069713767926,221.5650056323348,213.23926322091438,221.3686981201172,186267300
2018-12-28,222.7161880021992,224.34028325034785,219.92308458520284,221.08316040039062,153100200
2018-12-31,222.69831025131333,223.2605038088745,220.83327315629415,223.01956176757812,144299400
2019-01-02,219.5036313704784,224.1707035858878,219.47686154729473,223.25155639648438,126925200
2019-01-03,221.51142537562873,221.81483936556182,217.442249303845,217.92413330078125,144140700
2019-01-04,220.9404048555523,225.86625806772125,220.56561360042124,225.2237548828125,142628800
2019-01-07,225.49138437726992,228.40048512247722,224.59902068183817,226.99948120117188,103139100
2019-01-08,229.17686719364798,229.61411672120437,226.6603948566166,229.13223266601562,102512600
2019-01-09,229.83723728481584,231.04193396167105,228.61470313427708,230.20310974121094,95006600
2019-01-10,228.67717821153101,231.26502803517397,227.99897294347033,231.01516723632812,96823900
2019-01-11,229.94426573870612,231.13112467939558,229.36423479524905,231.10435485839844,73858100
2019-01-14,229.2125282055441,230.49753411942797,228.8109808779423,229.6944122314453,70908200
2019-01-15,230.0692251323306,232.63923705127664,230.06029278047396,232.326904296875,85208300
2019-01-16,232.75525327364485,233.77256114426123,232.55002701513308,232.88912963867188,77636700
2019-01-17,232.02357884300957,235.51272544851778,231.9789443020885,234.65603637695312,96118400
2019-01-18,236.45855492637688,238.24328241616914,234.69166490768163,237.77923583984375,127900300
2019-01-22,236.31577927521437,236.5299378647704,232.96048279733822,234.5667266845703,115531200
2019-01-23,235.59296459520885,236.28900723752506,232.6035405576887,235.0575408935547,86030300
2019-01-24,234.87906418069994,235.762522845976,233.8706887465937,235.18246459960938,59204100
2019-01-25,237.02077150031676,237.99347215348422,235.2806781682309,237.1724853515625,96883400
2019-01-28,235.03967233956106,235.43228728722033,233.6118850682267,235.36984252929688,85613700
2019-01-29,235.51265512487782,236.07482141719495,234.22764913402008,235.0575408935547,66136300
2019-01-30,236.56564179420482,239.61751064912445,235.80712714019668,238.7786865234375,92473700
2019-01-31,238.7162274696689,241.35761645588957,238.50204165856266,240.875732421875,104012100
2019-02-01,241.07213078167035,242.00912932767181,240.20653660651251,240.9918212890625,85782500
2019-02-04,241.03640766262146,242.7497583878186,240.3671347162264,242.68728637695312,60744800
2019-02-05,243.1155959499973,244.00795975036206,242.6158744004156,243.70455932617188,79552800
2019-02-06,243.42796583531972,243.91875510722443,242.65161356789883,243.38333129882812,58347800
2019-02-07,241.77709744963002,242.3214264023821,239.41233836356707,241.06321716308594,95482000
2019-02-08,239.8227686891252,241.45578244326347,239.00178201946778,241.35763549804688,75788900
2019-02-11,242.00905655513216,242.26782243146113,240.9649789996095,241.49147033691406,68021400
2019-02-12,243.09774400981368,244.9716860928263,243.02633965967624,244.59690856933594,72270200
2019-02-13,245.42680019751208,246.2299221230905,245.00738814719733,245.39109802246094,65277200
2019-02-14,244.31139321741082,245.9712042716236,243.49933878131554,244.84681701660156,83234400
2019-02-15,246.61365742159327,247.55065579201292,246.4084311676484,247.51495361328125,97088700
2019-02-19,246.72087052140694,248.5948136060729,246.7119381646702,247.9434051513672,59120800
2019-02-20,247.9076303748776,248.89816853482677,247.40790873423575,248.44305419921875,76610800
2019-02-21,247.80949217681587,248.1664323280742,246.60479533762955,247.55963134765625,64214700
2019-02-22,248.17536703083096,249.2908221569617,247.54179614437024,249.0945281982422,78114600
2019-02-25,250.5133432270269,251.03090233919505,249.35325374429854,249.43356323242188,69030700
2019-02-26,249.0855146154646,250.12956502269301,248.8802611353853,249.25506591796875,56844100
2019-02-27,248.5411668870653,249.49600273163364,247.613128101166,249.1479949951172,56921600
2019-02-28,248.9338207584465,249.3710975786756,248.36272203533355,248.6839599609375,69268300
2019-03-01,250.25448603032754,250.64712824922503,248.80886114837762,250.2366485595703,78880500
2019-03-04,251.289688593481,251.53061705121806,247.0420275644321,249.32647705078125,106494600
2019-03-05,249.4513359437783,249.64765703105064,248.4429606879148,248.98728942871094,59114600
2019-03-06,249.1033413882174,249.1122737404231,247.15799490205438,247.47923278808594,75039800
2019-03-07,247.0330166892971,247.17579814090803,244.5701115391468,245.408935546875,94885100
2019-03-08,243.5617990820547,245.08773368851894,243.09777966921686,244.91818237304688,85795800
2019-03-11,245.63204697829752,248.63037601426655,245.60527715593278,248.46975708007812,65098900
2019-03-12,249.02304363607198,249.9243398022675,248.83565486040146,249.40675354003906,79667500
2019-03-13,250.29018221282456,251.98566780868583,250.12953604873607,251.05760192871094,80639200
2019-03-14,251.0844072122771,251.50381930289518,250.45976886914966,250.8970184326172,67518400
2019-03-15,251.4465054317037,252.94330215979753,251.25826386372844,252.1366424560547,81309000
2019-03-18,252.35167272500243,253.3465737140762,252.1275991291348,253.05078125,62199800
2019-03-19,254.1085489179138,254.87037761996487,252.22632435686828,253.1136474609375,90268100
2019-03-20,252.89840780961697,254.09943891227132,251.2492295483872,252.35165405273438,84609200
2019-03-21,251.53607866734464,255.60523563223617,251.4912475347911,255.20191955566406,79550400
2019-03-22,253.84851218600596,254.36835092558272,250.22747499256286,250.29022216796875,122659300
2019-03-25,249.94957716834708,251.1326921621597,248.84715272874325,250.10195922851562,85575200
2019-03-26,251.8497401756667,252.91633263836115,250.56804582225496,251.9662628173828,68125900
2019-03-27,251.95727892582767,252.5398921062087,249.10706960084804,250.64869689941406,72224700
2019-03-28,251.27619351280148,252.0469937300756,250.12893753291758,251.59884643554688,56238500
2019-03-29,253.10450221917705,253.5078181496591,251.98413460218515,253.18516540527344,82186800
2019-04-01,255.17501552412202,256.4835976324492,254.90611080417543,256.18780517578125,77617900
2019-04-02,256.37613220062264,256.54643037423904,255.52464133254082,256.3133850097656,40070400
2019-04-03,257.523364972723,257.91773677565595,256.11617591920054,256.7167053222656,68243200
2019-04-04,257.03922342273495,257.64869685205343,256.34908680595305,257.3977355957031,48997500
2019-04-05,258.06109087920464,258.6974522325927,257.77427011188774,258.6436767578125,58621700
2019-04-08,258.22246643485846,258.94846283525817,257.56816156356155,258.8409118652344,53566300
2019-04-09,257.88185781115266,258.20451070581373,256.9676472568753,257.5143737792969,66142300
2019-04-10,257.9266401002401,258.4823656270723,257.51435231828697,258.3927307128906,52601500
2019-04-11,258.8768043335908,258.8857760340984,257.7564358799641,258.32110595703125,55093100
2019-04-12,259.9253762346362,260.3466356971258,258.36583273010336,260.06878662109375,69727800
2019-04-15,260.140488185737,260.23909479705657,259.10078335831236,259.89849853515625,49596700
2019-04-16,260.7768668564986,260.83064233232835,259.47722903423164,260.06878662109375,52153200
2019-04-17,261.1801610882623,261.20704882392914,259.02008848058534,259.4324035644531,58268300
2019-04-18,260.0150172111129,260.21220307800036,258.72435105561925,259.94329833984375,68708500
2019-04-22,259.18142606613867,260.3197099419461,259.0917911686012,260.1673278808594,40160100
2019-04-23,260.5348854922284,262.73978971372134,260.3018675160108,262.5067443847656,52246600
2019-04-24,262.42605599753017,262.7576805629462,261.7807229084622,261.92413330078125,50392900
2019-04-25,261.82556456716753,262.41712226378763,260.5797293423119,261.7628173828125,57770900
2019-04-26,261.8076069798987,263.0534420070687,261.03677955107406,262.98175048828125,50916400
2019-04-29,263.0714205795363,263.9139396398111,262.98178565451457,263.3940734863281,57197700
2019-04-30,263.05349888175925,263.8153547781804,261.6463371185243,263.5285339355469,81111700
2019-05-01,264.1559192830297,264.3620768674727,261.53872727662645,261.5476989746094,71671900
2019-05-02,261.4311183473855,262.3453560513314,259.4951193512274,260.98297119140625,65030200
2019-05-03,262.45299727175797,263.81535524757965,261.0906119431951,263.5375061035156,56543700
2019-05-06,259.2531340651493,262.89208684427564,258.9394255801766,262.4529113769531,107198100
2019-05-07,260.0598124870552,260.6513700683735,256.1698981063263,258.0700378417969,144729900
2019-05-08,257.7115173339844,259.41447115468867,257.11995977153765,257.7115173339844,91568300
2019-05-09,255.65006823450122,257.5322646414615,253.92019920925287,256.9317626953125,103471100
2019-05-10,255.99962249136024,258.9753267004435,253.02391828227698,258.2224426269531,112429300
2019-05-13,253.13158241600968,254.0905970372687,250.89978982616944,251.73333740234375,127290500
2019-05-14,252.74610900944137,255.53359947755902,252.62064198712483,254.0098876953125,77003200
2019-05-15,252.3875832066253,256.1340879226377,252.1814256097458,255.4977264404297,73956400
2019-05-16,256.19680023221036,259.2173081278269,256.12510871199436,257.8639221191406,76749600
2019-05-17,255.56941814436465,258.67058934984783,255.55147474922455,256.1968078613281,100353000
2019-05-20,254.6013563431719,256.304310040441,253.75883751403418,254.50277709960938,62877600
2019-05-21,256.1878317468838,257.1737611168127,255.93687039387783,256.7973327636719,46847100
2019-05-22,255.8472185127596,256.9586146903073,255.53351003765886,256.008544921875,49482500
2019-05-23,253.79468821165935,253.83949198396766,251.47328933984457,252.88047790527344,98733800
2019-05-24,254.31455174403163,254.72686684163855,252.83567152761165,253.45411682128906,55268100
2019-05-28,253.73189333971524,254.68196289694694,251.0788704640149,251.09678649902344,70029400
2019-05-29,249.9855068541915,250.38882297493316,248.01364797699472,249.411865234375,104972900
2019-05-30,250.16469382953431,250.99826833289026,248.99952215787044,250.09300231933594,62523800
2019-05-31,247.55659728704396,248.38117306088498,246.696134715111,246.7230224609375,86862800
2019-06-03,246.75881491471756,247.87021124414102,244.7690402055251,246.09556579589844,96428000
2019-06-04,248.3811022651635,251.5719081732355,247.93295506062827,251.43746948242188,77231900
2019-06-05,253.05089996542821,253.64245781836817,251.24936600934626,253.61557006835938,71169700
2019-06-06,253.91126241776183,255.93686927504896,253.2659293196054,255.2646484375,69430400
2019-06-07,256.2775249265868,258.89471736243144,256.10722675339446,257.81915283203125,74272200
2019-06-10,259.36070955978926,260.6603473979614,258.9125623539002,259.002197265625,60799100
2019-06-11,260.81279740028526,261.1802815256773,258.294211371417,258.9395446777344,58641300
2019-06-12,258.70643444478026,259.26213260858515,257.97146645593216,258.48236083984375,47096300
2019-06-13,259.3875627521784,259.90742875930414,258.68845429820976,259.54888916015625,48945200
2019-06-14,259.2620849609375,259.8625867942744,258.50022937362166,259.2620849609375,52324700
2019-06-17,259.495125935518,260.1225429109013,259.1903891440477,259.3606872558594,39205700
2019-06-18,261.1712687189415,263.12518417352123,260.81272903505663,262.0765075683594,85434800
2019-06-19,262.210941361261,263.19687076799914,261.2429553500235,262.6680603027344,78674400
2019-06-20,265.33905767145455,265.58104736339334,262.7308371362649,265.1777038574219,116570000
2019-06-21,264.90926466616133,266.1611589574299,264.57602721062443,264.79217529296875,83309500
2019-06-24,264.99936948825126,265.3145763201404,264.3148638254183,264.4679870605469,47582700
2019-06-25,264.52203943497835,264.5490579503013,261.7660409289425,261.8741149902344,82028700
2019-06-26,262.7657201720802,263.27008405135524,261.5048104738926,261.6128845214844,51584900
2019-06-27,262.3694009589699,263.0448911665439,261.99114183475797,262.54052734375,40355200
2019-06-28,263.51328434422294,264.386919654963,262.99993255253844,263.8915710449219,59350900
2019-07-01,267.2059187927584,267.42209435949115,265.0893772140861,266.2872619628906,78705600
2019-07-02,266.24220085033335,267.0347804260212,265.404599588386,266.9807434082031,61504500
2019-07-03,267.6562712698563,269.1333565933882,267.51216337347967,269.1153259277344,40898900
2019-07-05,267.8904556118029,268.97125111423253,266.6025273362104,268.8091125488281,51677300
2019-07-08,267.50321872187567,268.6290360762006,266.79169445792525,267.33209228515625,45841800
2019-07-09,266.1791493551212,267.9624257362326,266.12511234270954,267.66522216796875,41101300
2019-07-10,268.72806575397624,269.8899168340314,268.1966833184836,268.9442138671875,58448500
2019-07-11,269.5836918467792,269.81784313562406,268.5749640265412,269.5746765136719,50826100
2019-07-12,270.06104314152424,270.85362287067034,269.75482415267635,270.78155517578125,40326000
2019-07-15,271.21383481192174,271.21383481192174,270.3672181920815,270.87158203125,33900000
2019-07-16,270.78148900906183,270.988649224032,269.6917058906657,269.9979248046875,36650100
2019-07-17,269.9710288505612,270.133139969381,268.16070556640625,268.16070556640625,36036300
2019-07-18,267.6653065540941,269.52065119386003,267.22399498501346,269.1423645019531,51392600
2019-07-19,270.23214960844706,270.2591681205926,267.4761514265193,267.64727783203125,58678600
2019-07-22,268.04355124978355,268.84514628615204,267.5301994978204,268.30474853515625,43638100
2019-07-23,269.42157698333074,270.22314453125,268.5929634364693,270.22314453125,44564500
2019-07-24,269.466601543074,271.4930725097656,269.37653066962224,271.4930725097656,47213200
2019-07-25,271.0427226212248,271.09675964355466,269.39451098285616,270.19610595703125,55394100
2019-07-26,270.8805916659106,272.2045535873242,270.75448696588677,272.00640869140625,45084100
2019-07-29,271.8893034379059,272.0063927994392,270.9616313625273,271.5110168457031,38126500
2019-07-30,270.11507713282856,271.2499096855078,269.7367904533448,270.8446044921875,45849000
2019-07-31,271.0877334885615,271.2768905449335,265.8729686415346,267.88140869140625,104245200
2019-08-01,268.03454960744455,270.9796773444244,264.75615690970017,265.5487365722656,142646600
2019-08-02,264.6570385621389,264.90020511418425,262.0000997218517,263.5492248535156,116749700
2019-08-05,259.46925453814106,259.57732855667916,253.7320963393895,255.62347412109375,178745400
2019-08-06,257.50599959440535,259.424397095242,256.03792911307846,259.2082214355469,120711700
2019-08-07,256.14586625780424,260.12676707572143,254.02033705525537,259.3612060546875,140572300
2019-08-08,260.847336151514,264.449951171875,260.2979505540792,264.449951171875,87713900
2019-08-09,263.5133016745195,264.10773653712675,260.8743923871046,262.648681640625,93730000
2019-08-12,261.1536071415826,262.6396806362952,258.5056823753921,259.4513854980469,65527600
2019-08-13,259.1541543802907,264.92734940012593,258.81190148737363,263.4862976074219,94299800
2019-08-14,259.45130980415513,260.0547323721658,255.56949467797537,255.69557189941406,135622100
2019-08-15,256.57831509937586,257.2628209326419,254.33569544197786,256.37115478515625,99556600
2019-08-16,258.0193849401133,260.58622702185636,256.4252096634064,260.1539306640625,83018300
2019-08-19,263.1619782082209,263.96354562152703,262.48648800661573,263.2880554199219,53571800
2019-08-20,262.78378289866305,263.3151654102482,261.1446136624657,261.27069091796875,51596400
2019-08-21,263.42316718942703,263.7653924594661,262.7386616778172,263.3961486816406,49524700
2019-08-22,264.09871638415376,264.72915753530043,261.54985080842727,263.31512451171875,51666400
2019-08-23,262.01815181035266,263.67535110067126,255.30827163933517,256.5511779785156,149161500
2019-08-26,258.7308184666326,259.3883056640625,257.20871127967257,259.3883056640625,72423800
2019-08-27,260.77536371351385,261.14463514735735,257.61405941616033,258.37060546875,66668900
2019-08-28,257.713142961908,260.35205252602015,256.9115477267474,260.18994140625,59696700
2019-08-29,262.7386956483744,264.03563916134016,261.7389557594857,263.51324462890625,57899400
2019-08-30,264.99029561256964,265.00829878917193,262.46847659995325,263.3961486816406,62901200
2019-09-03,261.70292234690453,262.61256378979675,260.5320561790313,261.85601806640625,69101400
2019-09-04,264.017572887131,264.84615869220573,263.2700151107619,264.8281555175781,46887300
2019-09-05,267.3049938922983,269.14230747577426,264.79216261230954,268.232666015625,83258100
2019-09-06,268.54795139585633,269.07933383116614,267.87246105653117,268.4398498535156,49584300
2019-09-09,269.42156787029035,269.511611253967,267.63826360401265,268.574951171875,51260300
2019-09-10,267.81841132882255,268.57498473811705,266.5665167900906,268.5119323730469,57947100
2019-09-11,268.8181932238733,270.5024117606907,268.1697212619448,270.4213562011719,68821100
2019-09-12,271.32190683250764,272.4116900319859,270.56536107938297,271.3579406738281,72908700
2019-09-13,271.7993097824489,272.15057796681884,270.8085850793493,271.1778564453125,62104800
2019-09-16,270.05205515889173,271.2229216903592,269.700814439494,270.34027099609375,58191200
2019-09-17,270.142038313085,271.1147320905333,269.9709119331818,271.0246887207031,41475500
2019-09-18,270.63753739874653,271.2950247761456,268.61106570605483,271.18695068359375,73375800
2019-09-19,271.57412843040197,272.564853068215,270.83558574714397,271.1688232421875,76560500
2019-09-20,271.7696332635808,272.0501507115491,269.100451345295,269.88763427734375,89565000
2019-09-23,269.22709988546444,270.5390897940951,268.97375334735597,269.82427978515625,43476800
2019-09-24,270.91013892680803,271.29920199787654,266.7479924476479,267.70709228515625,94869400
2019-09-25,267.788503619275,269.733846452607,266.3136537035332,269.2904968261719,71854000
2019-09-26,269.29952886168803,269.507618203709,267.3270429198188,268.7294921875,56179700
2019-09-27,269.4804578779437,269.5890586383506,265.7345462186397,267.2817687988281,84746600
2019-09-30,267.7974620299853,269.2270541925325,267.7522324322751,268.52130126953125,51662400
2019-10-01,269.3989896786448,270.0504560848609,265.110185278463,265.32733154296875,88242400
2019-10-02,263.7529700767548,263.7620270421523,259.35559247468234,260.6404113769531,122539500
2019-10-03,260.4141507243739,262.80286959586755,257.70876948618246,262.7757263183594,85278800
2019-10-04,263.42725373830876,266.5850420764219,263.37293955799163,266.3316955566406,65091200
2019-10-07,265.5354464421896,267.1550692865488,264.9020663585836,265.18255615234375,59610500
2019-10-08,263.33670155445475,264.06959764806624,261.029412552643,261.06561279296875,95708100
2019-10-09,263.0743680413565,264.47681708385716,262.45004489012706,263.54486083984375,62359400
2019-10-10,263.4634191387641,266.20500117894466,263.3005594403848,265.32733154296875,55296300
2019-10-11,268.06894596333944,270.3038352478275,267.9513434643262,268.0780029296875,98720400
2019-10-14,267.7612744976326,268.43085481933645,267.4355551081807,267.7793884277344,40394800
2019-10-15,268.8199454533121,271.1724647551186,268.7023153463166,270.4305114746094,46754500
2019-10-16,269.9690115035742,270.68382140216397,269.561862279844,269.99615478515625,48928200
2019-10-17,271.1543085338405,271.66100152133464,270.10472231326054,270.7923889160156,45736600
2019-10-18,270.2585831298609,270.9009925949094,268.7565903144165,269.60711669921875,64304000
2019-10-21,270.9190311638909,271.63381331675583,270.484711126712,271.43475341796875,39048600
2019-10-22,271.96866155187655,272.25820831993343,270.4576394040979,270.5481262207031,48594700
2019-10-23,270.29482812041203,271.38964424316333,270.08671116620945,271.3353576660156,34352200
2019-10-24,272.2671710034365,272.41194433733216,270.95518164873175,271.778564453125,35453100
2019-10-25,271.2086350532512,273.43449487557064,271.1543484832142,272.8916015625,45205400
2019-10-28,274.10396817421713,274.9273510646477,274.0768248970686,274.4296875,42147000
2019-10-29,274.15832464822154,275.27125452053383,274.0316375807567,274.34832763671875,44284900
2019-10-30,274.5474431635399,275.5608294575838,273.24451003899617,275.18988037109375,49643900
2019-10-31,275.18074553352045,275.18074553352045,273.0092001446827,274.4568786621094,69053800
2019-11-01,275.89554738047116,277.0446497636023,275.7326600812259,276.9994201660156,71141500
2019-11-04,278.5466859006218,278.6824023272669,277.74138908135876,278.11236572265625,60606900
2019-11-05,278.31144163213037,278.61004540055967,277.51520173325594,277.80474853515625,42933200
2019-11-06,277.80460693144335,278.13938316993955,276.9269376192855,277.8679504394531,46487100
2019-11-07,279.1980745498013,280.17526016200947,278.3746916406929,278.8451843261719,54272300
2019-11-08,278.50145880490663,279.5872455609045,277.80476266430895,279.532958984375,49032100
2019-11-11,278.15755418758573,279.17094007299147,278.0218101817913,278.9990234375,35797300
2019-11-12,279.3609550006953,280.48291404868405,278.81806179232484,279.587158203125,46484600
2019-11-13,278.6009741782715,280.07582378648766,278.37477092824327,279.6777038574219,53917700
2019-11-14,279.39713891347145,280.16623527931677,278.76375893861194,280.08477783203125,51219900
2019-11-15,281.41487922509714,282.1568323800713,280.7272402441399,282.1116027832031,62023600
2019-11-18,281.8764440865474,282.5550539600533,281.42403750421016,282.3197937011719,49228000
2019-11-19,282.9169521068603,282.92600907388174,281.5959327188336,282.23834228515625,67804700
2019-11-20,281.65027586336583,282.1660260584954,279.6415892831806,281.1888122558594,79406200
2019-11-21,281.2973048182035,281.40587795167755,279.94008542437876,280.7362976074219,54664700
2019-11-22,281.47822579148874,281.6139421962558,280.35626669515204,281.360595703125,44850200
2019-11-25,282.2835839904739,283.541259765625,282.2835839904739,283.541259765625,48647200
2019-11-26,283.5773846335351,284.3645673561452,283.26069462912875,284.18359375,37569000
2019-11-27,284.66322888151734,285.450439453125,284.44608257911733,285.450439453125,44444600
2019-11-29,284.8893290824325,285.1336461969463,284.1654899278364,284.3916931152344,36592700
2019-12-02,284.6450416588715,284.70838517885187,281.5505974957822,281.9758605957031,75767800
2019-12-03,279.27045187342196,280.16623527931677,277.8951464236083,280.08477783203125,73941700
2019-12-04,281.1254102128774,282.4102292100744,280.78157685476225,281.81304931640625,49080000
2019-12-05,282.5098243469022,282.52791066962135,281.016860535024,282.3197937011719,40709000
2019-12-06,284.2198278152459,285.2965573907383,284.21077085005226,284.8984375,48927000
2019-12-09,284.5093785762691,285.17893130524726,283.9302850497049,284.002685546875,34838500
2019-12-10,283.94837758133656,284.6088732952171,283.03450775915456,283.68597412109375,52649800
2019-12-11,284.1384121824113,284.7446490140432,283.6045758505534,284.4913024902344,53429100
2019-12-12,284.5002926440261,287.72142412265157,284.26506008392175,286.94329833984375,96389600
2019-12-13,286.7080880016024,288.33676795280417,285.93899143681557,287.1152648925781,81503900
2019-12-16,288.8343915151686,289.67586093311127,287.051908896003,289.0877380371094,82749700
2019-12-17,289.46778259690007,289.7663587326568,289.0696626740905,289.1510925292969,61097700
2019-12-18,289.54013554774133,289.766338778638,289.11487236914763,289.1691589355469,48133000
2019-12-19,289.3592227573256,290.42692321729913,289.1058761899618,290.3545227050781,85310500
2019-12-20,291.3819535421016,292.75494738566266,290.40906475574155,291.6274719238281,147142100
2019-12-23,292.40942038274756,292.4639738562155,291.92751286814024,292.072998046875,52990000
2019-12-24,292.30030617360654,292.3457581508804,291.78202044007725,292.08209228515625,20270000
2019-12-26,292.4640075788948,293.6460643867393,292.45493383124426,293.636962890625,30911200
2019-12-27,294.3643330916827,294.4188865662466,293.0368189631918,293.5641784667969,42528800
2019-12-30,293.6460210741499,293.7824047534291,291.4637712118447,291.9456787109375,49729100
2019-12-31,291.44563197386356,292.90045614563235,291.10010811136635,292.6549377441406,57077300
2020-01-02,294.1825094519957,295.4100181767864,293.2641463451921,295.3918151855469,59151200
2020-01-03,292.01842192277303,294.2734003955614,291.9638684535366,293.1549987792969,77709700
2020-01-06,291.4091808205573,294.35520666204394,291.29097239733835,294.27337646484375,55653900
2020-01-07,293.7096802968142,294.1825141011181,293.0004573388211,293.4460144042969,40496400
2020-01-08,293.63692440584015,296.2192238536559,293.39143377910256,295.0099182128906,68296000
2020-01-09,296.5646027778345,297.08288826283996,295.9826623564011,297.0101318359375,48473300
2020-01-10,297.59222743504785,297.7467863630279,295.69187408088,296.15557861328125,53029300
2020-01-13,296.77387604888196,298.20139552344506,296.34652203143133,298.19232177734375,47086800
2020-01-14,297.75584613787055,298.80149124864306,297.18300698847196,297.7376708984375,62832800
2020-01-15,297.64677659951207,299.1652278624306,297.56494638909675,298.4105529785156,72056600
2020-01-16,299.78349174098173,300.8927917480469,299.5561763932098,300.8927917480469,54050300
2020-01-17,301.6019998488349,302.03842753631125,300.82912215432333,301.8293151855469,95846000
2020-01-21,300.87464321259114,302.03849689387584,300.80191449746235,301.23834228515625,77742400
2020-01-22,302.09311028613615,302.73870609758535,301.12022131746005,301.2747802734375,48914900
2020-01-23,300.6291779260028,302.02944860930927,299.51987762466234,301.6202697753906,51963000
2020-01-24,302.27483696389464,302.35666715329256,297.65577389588447,298.9378356933594,87578400
2020-01-27,293.7187945890734,295.61914813945754,293.3823722127157,294.1461486816406,84062500
2020-01-28,295.5645514816852,298.10139892647504,294.23703741404154,297.228515625,63834000
2020-01-29,298.5832802273967,298.8105955905337,296.78293256190744,296.98297119140625,53888900
2020-01-30,294.92805295887075,298.155948000126,294.1824796021824,297.9468078613281,75491800
